it.medieval.blueftp,COMMUNICATION
cellfish.smurfs,PERSONALIZATION
com.outfit7.tomformessengerfree,COMMUNICATION
com.progressusmedia.jobsplus,EDUCATION
com.universalstudios.orlandoresort,TRAVEL_AND_LOCAL
com.texty.sms,PRODUCTIVITY
cn.jingling.motu.photowonder,PHOTOGRAPHY
com.androiddevelopermx.blogspot.organos3d,MEDICAL
org.jw.jwlanguage,EDUCATION
com.moodtools.moodtools,MEDICAL
com.nekobukiya.endlessvibrator,HEALTH_AND_FITNESS
com.cheaptickets,TRAVEL_AND_LOCAL
com.careerbuilder.SugarDrone,PRODUCTIVITY
org.enterthehealingschool.hsmobile,NEWS_AND_MAGAZINES
com.atkins.android.carbcounter,HEALTH_AND_FITNESS
com.jrummy.apps.google.play.api,LIBRARIES_AND_DEMO
com.turner.android.ncaa,SPORTS
com.tecarta.kjv2,BOOKS_AND_REFERENCE
free.reddit.news,NEWS_AND_MAGAZINES
gafw.dlff.chattenundleutefinden,SOCIAL
com.google.android.apps.maps,TRAVEL_AND_LOCAL
org.jw.jwlibrary.mobile,BOOKS_AND_REFERENCE
com.thomsonreuters.reuters,NEWS_AND_MAGAZINES
com.sixdays.truckerpath,TRANSPORTATION
com.howtostudios.learntodrawanimemanga,COMICS
com.ibotta.android,SHOPPING
com.xiafy.cardtricks,LIBRARIES_AND_DEMO
ringhits.notification.ringtones,ENTERTAINMENT
aplicacion.tiempo,WEATHER
com.roidapp.photogrid.plugin.filter.glitter,PHOTOGRAPHY
com.toystudio.princesstoys,COMICS
com.ndcubed.Omegler,SOCIAL
com.gamebaby.dietplanweightloss7days,HEALTH_AND_FITNESS
com.deepdivemedia.newsbreak,NEWS_AND_MAGAZINES
com.roidapp.photogrid.plugin.stickers.easter,PHOTOGRAPHY
com.adpmobile.android,BUSINESS
com.Lock.Wallpapers.LockUtilsLockScreen,LIBRARIES_AND_DEMO
com.clairmail.fth,FINANCE
com.cbs.sports.fantasy,SPORTS
younow.live,SOCIAL
com.northpark.squats,HEALTH_AND_FITNESS
mobi.infolife.ezweather.widget.black,WEATHER
jp.co.a_tm.android.launcher,PERSONALIZATION
com.tomtom.gplay.navapp,TRAVEL_AND_LOCAL
air.cz.cfc.androidgp.AbbyBasicSkillsLite,#
com.unbound.android.ubnc2,MEDICAL
com.mico,SOCIAL
com.aa.android,TRAVEL_AND_LOCAL
org.kill.geek.bdviewer,COMICS
com.liwenwen20131497.meteor,LIBRARIES_AND_DEMO
com.StaticVoidGames.WebComicReader,COMICS
com.ivona.tts,LIBRARIES_AND_DEMO
com.intuit.intuitgopayment,BUSINESS
com.ghvandoorn.Raindar,WEATHER
com.hobbylobbystores.android,LIFESTYLE
inrix.android.ui,TRANSPORTATION
com.explorationbase.ExplorationLite,#
mobi.browser.flashfox,PRODUCTIVITY
com.itakeoffthemask.godspromises,BOOKS_AND_REFERENCE
com.gogii.textplus,SOCIAL
com.newssynergy.myeasttex,NEWS_AND_MAGAZINES
air.au.com.metro.DumbWaysToDie,GAME_CASUAL
com.sonyericsson.digitalclockwidget2,PERSONALIZATION
com.picobrothers.chcf,SPORTS
com.babycenter.mybabytoday,HEALTH_AND_FITNESS
com.theblaze,NEWS_AND_MAGAZINES
com.touchtunes.android,MUSIC_AND_AUDIO
com.PYOPYO.StarTracker,EDUCATION
air.com.vudu.air.DownloaderTablet,ENTERTAINMENT
com.flipkart.android,SHOPPING
com.jb.gokeyboard.theme.BestThemes.electriccolor,PERSONALIZATION
com.urbandroid.sleep,LIFESTYLE
books.ebook.pdf.reader,BOOKS_AND_REFERENCE
com.kfvs.android.weather,WEATHER
org.rbc.odb,BOOKS_AND_REFERENCE
com.gamestop.powerup,ENTERTAINMENT
com.speaktribe.spanish,EDUCATION
com.sb.ultrafitnessnew,HEALTH_AND_FITNESS
com.verizon.fiosmobile,ENTERTAINMENT
DOCECG2.doctor,MEDICAL
com.rivet.app,NEWS_AND_MAGAZINES
com.ihunda.android.hiit,HEALTH_AND_FITNESS
com.walmart.android,SHOPPING
com.clear.superfunny,PERSONALIZATION
org.thistrueapp.biblia,BOOKS_AND_REFERENCE
com.zillow.android.rentals,LIFESTYLE
com.hcg.cok.gp,GAME_STRATEGY
com.arabpcom.yemennews,NEWS_AND_MAGAZINES
com.glassesoff.android,MEDICAL
com.awestruck.poke,BOOKS_AND_REFERENCE
com.passportparking.mobile.parkchicago,TRANSPORTATION
com.usamp.mobile,LIFESTYLE
com.wlbt.android.weather,WEATHER
com.mobincube.android.sc_X8YRW,HEALTH_AND_FITNESS
com.nbcnews.today,NEWS_AND_MAGAZINES
com.freevpnintouch,TOOLS
hundred.five.easybassbooster,MUSIC_AND_AUDIO
com.easy.currency.extra.androary,FINANCE
de.joergjahnke.documentviewer.android.free,BUSINESS
com.skollabs.funny,COMICS
com.duduapps.craigslistfree,SHOPPING
com.chrysler.UconnectAccess,TRANSPORTATION
com.atomic.apps.ringtone.cutter,MUSIC_AND_AUDIO
com.facebook.soundclips,ENTERTAINMENT
edeveloping.com.likes,SOCIAL
com.doctorondemand.android.patient,MEDICAL
nl.wikit.cvmaken,BUSINESS
com.gopro.smarty,PHOTOGRAPHY
com.mxtech.ffmpeg.v6_vfp,LIBRARIES_AND_DEMO
com.jb.gosms.pctheme.zt.future.oya,PERSONALIZATION
com.HBO,ENTERTAINMENT
com.musicplayer.music,MUSIC_AND_AUDIO
com.video.maker,PHOTOGRAPHY
factory.widgets.bubbledigitalweatherclock,WEATHER
com.brother.ptouch.sdk,LIBRARIES_AND_DEMO
com.lmi.samsung.rescuesecurity.signed,BUSINESS
com.google.android.calendar,PRODUCTIVITY
com.swingbyswing,SPORTS
com.alaskaairlines.android,TRAVEL_AND_LOCAL
com.google.android.ears,MUSIC_AND_AUDIO
com.spotify.music,MUSIC_AND_AUDIO
epic.mychart.android,MEDICAL
de.gfred.playstoreversionexample,LIBRARIES_AND_DEMO
gov.nih.nlm.erg2012,TRANSPORTATION
com.ticketmaster.mobile.android.na,ENTERTAINMENT
com.igg.clashoflords2,GAME_STRATEGY
com.walmartone.android,BUSINESS
com.bitstrips.bitmoji.messenger,SOCIAL
com.wsi.android.intellicast,WEATHER
com.picframes.android,PHOTOGRAPHY
com.clearchannel.iheartradio.controller,MUSIC_AND_AUDIO
volumn.speaker.booster,PRODUCTIVITY
com.martinvillar.android.bibliaenespanol,BOOKS_AND_REFERENCE
com.azarlive.android,COMMUNICATION
com.mxtech.ffmpeg.v5te,LIBRARIES_AND_DEMO
com.ijinshan.kbackup,PRODUCTIVITY
jp.main.kurousa.android.livewallpaper.DeviceInfo,PERSONALIZATION
com.urbandroid.lux,HEALTH_AND_FITNESS
com.baiwang.instablend,PHOTOGRAPHY
com.overstock,SHOPPING
net.p4p.absen,HEALTH_AND_FITNESS
com.transloc.android,TRANSPORTATION
com.touchtype.swiftkey,PRODUCTIVITY
com.dollargeneral.android,LIFESTYLE
com.truven.druginfonative.customer,MEDICAL
com.MathUnderground.MathSolver,EDUCATION
com.whitepages.search,TRAVEL_AND_LOCAL
com.gameloft.android.ANMP.GloftM5HM,GAME_ACTION
com.gotv.crackle.handset,ENTERTAINMENT
com.usaa.mobile.android.usaa,FINANCE
com.IdanS.magnifyingglassflashlight,TOOLS
com.onavo.android.onavoid,TOOLS
no.mobitroll.kahoot.android,EDUCATION
com.teerstudios.abschallenge,HEALTH_AND_FITNESS
com.vitalsource.bookshelf,EDUCATION
com.cozi.androidfree,PRODUCTIVITY
com.jackthreads.android,SHOPPING
com.venticake.retrica,PHOTOGRAPHY
com.ikeyboard.theme.Fire,PERSONALIZATION
com.emn8.mobilem8.nativeapp.bk,LIFESTYLE
com.designmantic,BUSINESS
com.lucesdediscoteca,LIBRARIES_AND_DEMO
com.monster.android.Views,BUSINESS
androiddeveloperjoe.pickacolornightlightfree,MEDICAL
org.malwarebytes.antimalware,TOOLS
com.outfit7.talkingtom2free,ENTERTAINMENT
com.vervewireless.droid.foxkdfw,NEWS_AND_MAGAZINES
com.momdeveloper.octonautsvideos,COMICS
com.tmsoft.whitenoise.lite,HEALTH_AND_FITNESS
com.rechild.advancedtaskkiller,PRODUCTIVITY
com.sgn.pandapop.gp,GAME_PUZZLE
com.sirius,MUSIC_AND_AUDIO
com.july.univision,SPORTS
com.nascar.raceviewmobile,SPORTS
com.paypal.android.p2pmobile,FINANCE
com.ikeyboard.theme.Circuit,PERSONALIZATION
com.enlightment.appslocker,BUSINESS
com.rfi.sams.android,SHOPPING
com.fungames.sniper3d,GAME_ACTION
com.hp.android.print,PHOTOGRAPHY
com.domobile.applock,TOOLS
com.nstudio.weatherhere.free,WEATHER
com.yinzcam.nba.warriors,SPORTS
com.fivemobile.thescore,SPORTS
com.google.android.maps.mytracks,HEALTH_AND_FITNESS
com.clear.loud,PERSONALIZATION
com.andromo.dev86290.app219794,SPORTS
thecouponsapp.coupon,SHOPPING
com.abc.abcnews,NEWS_AND_MAGAZINES
com.ksmobile.cb,COMMUNICATION
com.zoodles.gamesplayer,#
com.myhomeowork,EDUCATION
com.llapps.mirrorphoto,PHOTOGRAPHY
ee.smkv.calc.loan,FINANCE
com.liquidum.thecleaner,TOOLS
com.smule.magicpiano,MUSIC_AND_AUDIO
com.cf.flightsearch,TRAVEL_AND_LOCAL
com.choicehotels.android,TRAVEL_AND_LOCAL
com.bluetornadosf.joyride,NEWS_AND_MAGAZINES
com.bandsintown,MUSIC_AND_AUDIO
com.cleanmaster.security,TOOLS
bitsie.playmee.musicplayer.free,MUSIC_AND_AUDIO
com.jmd.busservice,TRANSPORTATION
com.teerstudios.buttchallenge2,HEALTH_AND_FITNESS
com.nicusa.fishboatpa,SPORTS
com.cleanmaster.boost,TOOLS
com.wwe.universe,ENTERTAINMENT
com.expedia.bookings,TRAVEL_AND_LOCAL
com.bigblueclip.picstitch,PHOTOGRAPHY
com.estrongs.android.pop,PRODUCTIVITY
com.expensemanager,FINANCE
com.pongpob89.hellokitcamera,COMICS
com.headcode.ourgroceries,SHOPPING
com.hamsterbeat.wallpapers.fx.color.free,WEATHER
com.bettertomorrowapps.spyyourlovefree,COMMUNICATION
com.webmd.allergy,HEALTH_AND_FITNESS
com.crazyapps.phonenumberlocator,BUSINESS
at.ner.lepsWorld2,GAME_ARCADE
com.facebook.katana,SOCIAL
com.scores365,SPORTS
com.instavideocollage.android,PHOTOGRAPHY
me.pou.app,GAME_CASUAL
com.monotype.android.font.flipfont.develop.handwrite,PERSONALIZATION
com.ea.game.simcitymobile_row,GAME_SIMULATION
com.viiga.giftcard,LIFESTYLE
com.tapcash.tapcash,SHOPPING
com.intuit.quickbooks,BUSINESS
com.unofficialmcpeapp.minecraftmodsforpefree,BOOKS_AND_REFERENCE
com.gazecloud.fishfinder,LIBRARIES_AND_DEMO
com.seventeenmiles.sketch,PHOTOGRAPHY
com.scripps.android.foodnetwork,LIFESTYLE
com.google.android.keep,PRODUCTIVITY
com.scottgames.fnaf3demo,GAME_ACTION
com.sigalert.mobile,TRANSPORTATION
com.esocialllc.vel,BUSINESS
com.teamsnap.teamsnap,SPORTS
com.squareup.cash,FINANCE
com.myyearbook.m,SOCIAL
com.postmates.android.courier,TRANSPORTATION
com.google.android.apps.youtube.kids,ENTERTAINMENT
com.kittithatteam.hackwifipassword2014findersoftware,LIBRARIES_AND_DEMO
com.kapp.ifont,PERSONALIZATION
com.maxmpz.audioplayer,MUSIC_AND_AUDIO
nhatquang.product.hackwifipassword,TOOLS
jp.united.app.cocoppa,PERSONALIZATION
ru.andrey.notepad,PRODUCTIVITY
com.ziprecruiter.android.release,BUSINESS
com.digidust.elokence.akinator.freemium,ENTERTAINMENT
com.eharmony,SOCIAL
com.screen.launcher.i6pluslauncher,PERSONALIZATION
com.duosecurity.duomobile,BUSINESS
com.valvesoftware.android.steam.community,ENTERTAINMENT
com.solvus_lab.android.BibleEN_nkjv,BOOKS_AND_REFERENCE
com.codesector.speedview.free,TRANSPORTATION
com.kiloo.subwaysurf,GAME_ARCADE
net.itx.paychex,BUSINESS
com.virtualmaze.gpsdrivingroute,TRAVEL_AND_LOCAL
com.crunchyroll.crunchyroid,ENTERTAINMENT
air.fisherprice.com.puppynose,EDUCATION
com.bftv.PlayPhone,EDUCATION
com.piriform.ccleaner,TOOLS
com.antonnikitin.solunarforecast,SPORTS
com.nhl.gc1314.chi,SPORTS
com.domobile.aut.bcube,BUSINESS
com.mobisystems.mobiscanner,BUSINESS
com.google.android.play.games,ENTERTAINMENT
com.smule.autorap,MUSIC_AND_AUDIO
com.gm.onstar.mobile.mylink,PRODUCTIVITY
com.google.android.inputmethod.latin,TOOLS
mobi.firedepartment,MEDICAL
fm.player,NEWS_AND_MAGAZINES
com.xfinity.playnow,ENTERTAINMENT
com.netqin.mobileguard,PRODUCTIVITY
com.finestandroid.tunner,MUSIC_AND_AUDIO
com.sygic.aura,TRAVEL_AND_LOCAL
com.alt12.pinkpadpro,HEALTH_AND_FITNESS
com.domobile.aut.bspace,BUSINESS
com.paypal.here,BUSINESS
com.droid27.sensev2flipclockweather,WEATHER
com.coffeebeanventures.easyvoicerecorder,PRODUCTIVITY
hundred.five.easyvolumebooster,MUSIC_AND_AUDIO
com.usbank.mobilebanking,FINANCE
ru.jecklandin.stickman.vp,LIBRARIES_AND_DEMO
net.slickdeals.android,SHOPPING
com.roidapp.photogrid,PHOTOGRAPHY
com.topps.kick,SPORTS
com.lyrebirdstudio.colorme,PHOTOGRAPHY
com.aiadp.resquiz,GAME_TRIVIA
com.regions.mobbanking,FINANCE
com.boironusa.medicinefinder,MEDICAL
com.escort.androidui.root,TRANSPORTATION
com.ikeyboard.theme.petal,PERSONALIZATION
com.aiguo.handydiary,LIFESTYLE
com.appbasic.mynamelivewallpaper,PERSONALIZATION
com.fanduel.android.live,SPORTS
codeadore.textgram,PRODUCTIVITY
com.navfree.android.OSM.ALL,TRANSPORTATION
com.cinemark.mobile,ENTERTAINMENT
time.time.com.appptime,BOOKS_AND_REFERENCE
com.myleaderboard.GolfChannel,SPORTS
com.callapp.contacts,COMMUNICATION
com.eclipsim.gpsstatus2,TRAVEL_AND_LOCAL
com.snapdeal.main,SHOPPING
com.graytv.android.kakenews,NEWS_AND_MAGAZINES
com.droid27.senseflipclockweather,WEATHER
com.uhg.mobile.health4me,HEALTH_AND_FITNESS
com.nptzonegames.minionchannel,COMICS
com.roadie.android.app,TRANSPORTATION
com.talkatone.android,COMMUNICATION
com.cremagamesstudios.instant,ENTERTAINMENT
com.intuit.turbotax.mobile,FINANCE
com.socialstar.followergram,SOCIAL
com.mobisystems.msdict.embedded.wireless.mcgrawhill.investopedia,LIBRARIES_AND_DEMO
com.amazon.ember.android,SHOPPING
com.zerothebugs.ligamx0,SPORTS
com.etrade.mobilepro.activity,FINANCE
com.carl.bible,BOOKS_AND_REFERENCE
com.ogqcorp.bgh,PERSONALIZATION
com.healthagen.iTriage,HEALTH_AND_FITNESS
com.emoji.ikeyboard.theme.FlawlessAmethyst,PRODUCTIVITY
com.pocketprep.teas,MEDICAL
com.pakorn.modsminedownloadcraft,EDUCATION
com.toi.reader.activities,NEWS_AND_MAGAZINES
air.com.myheritage.mobile,BOOKS_AND_REFERENCE
com.cube.arc.tfa,WEATHER
com.tour.pgatour,SPORTS
com.jeedup.getfollowerstumblr,PRODUCTIVITY
Gecko.Droid.PhysicsHelper,EDUCATION
com.AnatomyLearning.Anatomy3DViewer3,MEDICAL
com.xinmei365.font,PERSONALIZATION
com.coolmobilesolution.fastscannerfree,BUSINESS
com.mapmyrun.android2,HEALTH_AND_FITNESS
com.skimble.workouts,HEALTH_AND_FITNESS
com.wcd.tipsee,FINANCE
com.dena.west.MarvelArena,GAME_ACTION
com.spreadsong.freebooks,BOOKS_AND_REFERENCE
com.citrix.Receiver,BUSINESS
com.metago.astro,PRODUCTIVITY
com.bamnetworks.mobile.android.gameday.milb,SPORTS
com.DubaiNightLiveWallpaperHQ,PERSONALIZATION
com.boltbus.mobile.consumer,TRANSPORTATION
com.microphone.earspy,MEDICAL
com.actualsoftware.faxfile,BUSINESS
com.mapquest.android.ace,TRAVEL_AND_LOCAL
air.au.com.metro.DumbWaysToDie2,GAME_CASUAL
com.algoriddim.djay_free,MUSIC_AND_AUDIO
com.netqin.mm,BUSINESS
com.softcraft.englishbible,BOOKS_AND_REFERENCE
com.clearchannel.iheartradio.connect,MUSIC_AND_AUDIO
com.mikeperrow.spiral,LIBRARIES_AND_DEMO
com.HRB.EmeraldCard,FINANCE
com.gtp.nextlauncher.trial,PERSONALIZATION
com.thirdrock.fivemiles,SHOPPING
com.gameloft.wallpaper.SharkDash,PERSONALIZATION
com.relayrides.android.relayrides,TRANSPORTATION
com.jb.gokeyboard.theme.gosms.deer,PERSONALIZATION
com.ecare.menstrualdiary,MEDICAL
com.voltage.mobile.securemail.ui,BUSINESS
com.ikeyboard.theme.Rainyday,WEATHER
com.mxtech.ffmpeg.v7_vfpv3d16,LIBRARIES_AND_DEMO
com.joeykrim.rootcheck,TOOLS
com.apusapps.tools.flashtorch,PERSONALIZATION
com.tinder,LIFESTYLE
com.speedway.mobile,TRAVEL_AND_LOCAL
com.nextbus.mobile,TRANSPORTATION
com.att.android.uverse,ENTERTAINMENT
com.jb.gosms.theme.getjar.fdbutterflydance,PERSONALIZATION
com.anysoftkeyboard.languagepack.hebrew,LIBRARIES_AND_DEMO
com.sidecarPassenger,TRANSPORTATION
com.adobe.air,TOOLS
com.okcupid.okcupid,SOCIAL
com.nytimes.android,NEWS_AND_MAGAZINES
com.dropbox.android,PRODUCTIVITY
com.zwigglers.android.horoscopes,LIFESTYLE
com.slacker.radio,MUSIC_AND_AUDIO
com.com2us.smon.normal.freefull.google.kr.android.common,GAME_ROLE_PLAYING
com.blogspot.solarflarelabs.tryingtoconceive,MEDICAL
com.cheerfulinc.flipagram,PHOTOGRAPHY
dk.unwire.projects.dart,TRANSPORTATION
ginlemon.smartlauncher.notifier,LIBRARIES_AND_DEMO
appinventor.ai_dot_dox.InterActiveMT,MEDICAL
com.majedev.superbeam,COMMUNICATION
com.undercoverdesigns.oneminuteultrasound.app,MEDICAL
com.skype.android.access,TRAVEL_AND_LOCAL
com.doapps.android.mln.MLN_3454e94e0644b2c3413d52beb5c350da,SPORTS
com.verizon.messaging.vzmsgs,COMMUNICATION
com.scotts.lawnapp,LIFESTYLE
com.eventbrite.attendee,ENTERTAINMENT
com.bleacherreport.android.teamstream,SPORTS
com.emojifamily.emoji.keyboard.art.Easter,SOCIAL
com.workday.workdroidapp,BUSINESS
me.scan.android.client,TOOLS
com.target.socsav,LIFESTYLE
com.handcent.plugin.emojiand,COMMUNICATION
com.thegrizzlylabs.geniusscan.free,BUSINESS
com.mapfactor.navigator,TRAVEL_AND_LOCAL
com.hamzaus.ncp.FREE,MEDICAL
com.ups.mobile.android,BUSINESS
com.eat24.app,TRAVEL_AND_LOCAL
com.facebook.orca,COMMUNICATION
jp.pioneer.mbg.appradio.AppRadioLauncher,TRANSPORTATION
com.capiratech.bcplmobile,LIBRARIES_AND_DEMO
com.klinker.android.emoji_keyboard_trial_ios,TOOLS
com.tabtale.abcsingalong,EDUCATION
org.trimet.mt.mobiletickets,TRANSPORTATION
org.telegram.messenger,COMMUNICATION
com.gameloft.android.ANMP.GloftDMHM,GAME_CASUAL
ru.adhocapp.gymapp,SPORTS
org.androidworks.villagevr.villagevr,LIBRARIES_AND_DEMO
com.playstudios.myvegas,GAME_CASINO
com.mujerhairdesign.womenhairstylestutorials,LIBRARIES_AND_DEMO
com.yahoo.mobile.client.android.atom,NEWS_AND_MAGAZINES
com.movisoft.photostory,PHOTOGRAPHY
com.dejami.WedPics,SOCIAL
com.zodinplex.naturesound,HEALTH_AND_FITNESS
com.cnn.cnnmoney,NEWS_AND_MAGAZINES
com.success.karaokemusic.ui,LIBRARIES_AND_DEMO
com.cedarfair.carowinds,TRAVEL_AND_LOCAL
com.macropinch.swan,WEATHER
com.chris.mydays,HEALTH_AND_FITNESS
com.wanelo.android,SHOPPING
com.imo.android.imoim,COMMUNICATION
com.ikeyboard.theme.lavender,PERSONALIZATION
com.sm.SlingGuide.Dish,ENTERTAINMENT
com.appriss.mobilepatrol,SOCIAL
com.footlocker.approved,SHOPPING
com.bubblesoft.android.bubbleupnp,MUSIC_AND_AUDIO
com.riteshsahu.SMSBackupRestore,TOOLS
com.clipdis.clipdisformessenger,COMMUNICATION
com.ally.auto.activity,FINANCE
com.douglas.upflix,ENTERTAINMENT
com.mobilicos.howtodrawcartoons,EDUCATION
com.monotype.android.font.free.fifty6,PERSONALIZATION
com.dikkar.moodscanner,ENTERTAINMENT
com.dominospizza,LIFESTYLE
org.kevdurant30.gallery,SPORTS
com.monotype.android.font.flipfont.develop.Cutie,PERSONALIZATION
com.alibaba.aliexpresshd,SHOPPING
com.handcent.nextsms,COMMUNICATION
com.flyersoft.plugin_pdf,LIBRARIES_AND_DEMO
com.newegg.app,SHOPPING
com.foobnix.pdf.reader,PRODUCTIVITY
com.redcactus.repost,SOCIAL
com.outfit7.iwanttobebigfree,BOOKS_AND_REFERENCE
com.scottrade.mobile.retail,FINANCE
com.lixar.allegiant,TRAVEL_AND_LOCAL
us.chatmekikmessager.android,SOCIAL
com.rarewire.forever21,SHOPPING
com.alesig.wmb,TRANSPORTATION
com.andromo.dev136619.app205267,PERSONALIZATION
com.fivestars.FiveStarsConsumer,LIFESTYLE
com.dictionary,BOOKS_AND_REFERENCE
engine3d.wibr.com,PERSONALIZATION
com.google.android.apps.books,BOOKS_AND_REFERENCE
com.andromo.dev230101.app312270,LIFESTYLE
com.deary.arrow,COMICS
com.cmgdigital.android.whioweather,WEATHER
com.ComicImage.PhotoEditor,COMICS
goldenshorestechnologies.brightestflashlight.free,TOOLS
com.j2.efax,BUSINESS
com.ubercab,TRANSPORTATION
com.kohls.mcommerce.opal,LIFESTYLE
my.googlemusic.play,MUSIC_AND_AUDIO
com.google.android.apps.messaging,COMMUNICATION
com.jardogs.fmhmobile,MEDICAL
co.happybits.fliplip,ENTERTAINMENT
com.jetblue.JetBlueAndroid,TRAVEL_AND_LOCAL
com.infraware.office.link,BUSINESS
com.outfit7.talkinggingerfree,ENTERTAINMENT
org.brilliant.android,EDUCATION
com.glu.deerhunt2,GAME_ACTION
com.kakapo.slotspro,GAME_CASINO
com.ImaginationUnlimited.instaframe,PHOTOGRAPHY
com.hrblock.blockmobile,FINANCE
com.dhqsolutions.enjoyphoto,PHOTOGRAPHY
com.yellowpages.android.ypmobile,TRAVEL_AND_LOCAL
com.webmd.android,HEALTH_AND_FITNESS
monitoryourweight.bustan.net,HEALTH_AND_FITNESS
com.drippler.android.updates,NEWS_AND_MAGAZINES
com.facebook.pages.app,BUSINESS
com.bible.kids,EDUCATION
com.fandango,ENTERTAINMENT
com.sirma.mobile.bible.android,BOOKS_AND_REFERENCE
com.mlive.tigers.android,SPORTS
com.contacts1800.ecomapp,MEDICAL
cz.aponia.bor3.offlinemaps,TRAVEL_AND_LOCAL
com.ad60.songza,MUSIC_AND_AUDIO
com.sei.android,LIFESTYLE
com.farproc.wifi.analyzer,TOOLS
com.kittyplay.ex,PERSONALIZATION
com.rvappstudios.flashlight,TOOLS
com.espn.score_center,SPORTS
com.vzw.indycar,SPORTS
com.ecare.ovulationcalculator,MEDICAL
com.medicaljoyworks.prognosis,MEDICAL
com.adobe.psmobile,PHOTOGRAPHY
com.infonow.bofa,FINANCE
com.halfbrick.jetpackjoyride,GAME_ARCADE
com.duolingo,#
mahmed.net.synctuneswirelessfree,MUSIC_AND_AUDIO
com.rhmsoft.fm,TOOLS
com.machinezone.gow,GAME_STRATEGY
gov.miamidade.TrainTracker,TRANSPORTATION
com.ringtones.tonosparawhatsapp,LIBRARIES_AND_DEMO
com.iconology.comics,COMICS
com.droid27.digitalclockweather,WEATHER
uk.co.jads.android.jpc,LIBRARIES_AND_DEMO
com.jb.gokeyboard.theme.timsselectriccolorkeyboard,PERSONALIZATION
com.babbel.mobile.android.en,EDUCATION
com.mobile.bizo.tattoo.two,PHOTOGRAPHY
com.skyhealth.glucosebuddyfree,MEDICAL
com.outfit7.talkingben,ENTERTAINMENT
com.super3dlivewallpapers.myname3dlivewallpaper,PERSONALIZATION
arrow.myphoto.keyboard,PERSONALIZATION
com.andromo.dev236075.app222729,NEWS_AND_MAGAZINES
com.babbel.mobile.android.es,EDUCATION
com.contorra.golfpad,SPORTS
com.blackemoji.blackemoji,COMMUNICATION
joelosteen.android.phone.JOMApp,LIFESTYLE
com.fox.now,ENTERTAINMENT
com.shazam.android,MUSIC_AND_AUDIO
com.zoosk.zoosk,SOCIAL
com.bsro.fcac,TRANSPORTATION
com.icecoldapps.screenshoteasy,TOOLS
com.bbt.androidapp.activity,FINANCE
air.nn.mobile.app.main,EDUCATION
com.macroapp.app14,BOOKS_AND_REFERENCE
com.pinterest,SOCIAL
com.rsupport.mvagent,PRODUCTIVITY
com.cloudmagic.mail,COMMUNICATION
uk.co.economist,NEWS_AND_MAGAZINES
com.tranzmate,TRANSPORTATION
com.roku.remote,ENTERTAINMENT
com.adpog.diary,LIFESTYLE
com.monotype.android.font.simprosys.stylishfonts,PERSONALIZATION
com.fancy.neon.keyboard,PERSONALIZATION
com.ijinshan.kbatterydoctor_en,TOOLS
com.tsavo.amipregnant,MEDICAL
me.om.ax,NEWS_AND_MAGAZINES
com.chrome.beta,PRODUCTIVITY
com.winzip.android,PRODUCTIVITY
com.google.android.music,MUSIC_AND_AUDIO
com.androiddevelopermx.blogspot.muscles3d,MEDICAL
com.nezdroid.cardashdroid,TRANSPORTATION
com.scoompa.slideshow,PHOTOGRAPHY
com.cfinc.iconkisekae,PERSONALIZATION
com.cw.fullepisodes.android,ENTERTAINMENT
com.fedex.ida.android,BUSINESS
com.music.player.mp3player.white,MUSIC_AND_AUDIO
com.jrzheng.supervpnfree,TOOLS
com.ea.game.tetris2011_na,#
com.binarytoys.speedometer,TRANSPORTATION
com.bluebird.mobile,FINANCE
com.quanticapps.quranandroid,LIBRARIES_AND_DEMO
com.onemanwithcamera.instacartoon,PHOTOGRAPHY
com.att.myWireless,PRODUCTIVITY
com.olacabs.customer,TRANSPORTATION
com.insofttech.reststops,TRAVEL_AND_LOCAL
com.ibm.events.android.masters,SPORTS
com.cfinc.launcher2,PERSONALIZATION
com.pagesuite.news12.weather,NEWS_AND_MAGAZINES
com.usatoday.android.news,NEWS_AND_MAGAZINES
com.jb.gokeyboard.theme.gotmeredkeyboard,PERSONALIZATION
com.deltadental.HealthApp,MEDICAL
com.knmtech.kidsspeller,EDUCATION
com.nike.ntc,HEALTH_AND_FITNESS
com.sololearn.sql,EDUCATION
com.hssn.anatomyfree,MEDICAL
app.staples,BUSINESS
com.csmart.hairandeyecolorchanger,PHOTOGRAPHY
nz.mega.android,PRODUCTIVITY
com.bestparking,TRANSPORTATION
com.newssynergy.elpasoproud,NEWS_AND_MAGAZINES
com.neulion.smartphone.btn2go.android,SPORTS
com.gpshopper.charlotterusse,SHOPPING
com.mufumbo.android.recipe.search,HEALTH_AND_FITNESS
com.teslacoilsw.launcher,PERSONALIZATION
com.unii.fling,SOCIAL
gov.nih.nlm.wiser,MEDICAL
com.newyorky.metroy,TRANSPORTATION
com.kronos.mobile.android,BUSINESS
com.google.android.apps.pdfviewer,PRODUCTIVITY
us.mathlab.android,EDUCATION
com.tencent.mm,COMMUNICATION
com.bettertomorrowapps.camerablockfree,LIBRARIES_AND_DEMO
com.supercell.clashofclans,GAME_STRATEGY
net.kervala.comicsreader,COMICS
com.univision.noticias,NEWS_AND_MAGAZINES
com.abclocal.wpvi.news,NEWS_AND_MAGAZINES
com.google.android.apps.docs.editors.sheets,PRODUCTIVITY
com.usnaviguide.radar_now,WEATHER
x.abcd,BOOKS_AND_REFERENCE
air.com.adobe.connectpro,BUSINESS
com.tp.android.surgerysim,GAME_CASUAL
com.hotwire.hotels,TRAVEL_AND_LOCAL
com.crazygame.inputmethod.keyboard7,PERSONALIZATION
com.iversecomics.archie.android,COMICS
com.nascar.nascarmobile,SPORTS
air.com.starfall.more,#
com.ultimarom.launchnavigation,TOOLS
com.crazylion.buddyman.comix,COMICS
com.grubhub.android,TRAVEL_AND_LOCAL
com.Hypnosis,MEDICAL
net.idt.um.android.bossrevapp,COMMUNICATION
com.scee.psxandroid,ENTERTAINMENT
com.menards.mobile,SHOPPING
com.cleanmaster.mguard,TOOLS
jp.us.hi.kaz.pkg,LIBRARIES_AND_DEMO
com.zinio.mobile.android.reader,NEWS_AND_MAGAZINES
com.usps,BUSINESS
com.gettaxi.android,TRANSPORTATION
com.mediafriends.chime,COMMUNICATION
com.vivitylabs.android.braintrainer,EDUCATION
es.ligabbva.gi.main,SPORTS
com.samj.CardTest,LIBRARIES_AND_DEMO
com.hp.printercontrol,PRODUCTIVITY
com.zentertain.photocollage2,PHOTOGRAPHY
com.jb.gosms.aemoji,PERSONALIZATION
com.cbslocal.cbsyourday,NEWS_AND_MAGAZINES
com.parkwhiz.driverApp,TRANSPORTATION
com.streema.simpleradio,MUSIC_AND_AUDIO
com.urbandroid.babysleep,#
com.rdio.android.ui,MUSIC_AND_AUDIO
mnw.mcpe_skins,TOOLS
com.aim.racing,GAME_RACING
gov.ssa.mkwr,FINANCE
com.toystudio.ninjatoys,COMICS
cz.cfc.androidgp.sightwordslite,#
com.linecorp.b612.android,PHOTOGRAPHY
com.nbcuni.nbc.thevoice,ENTERTAINMENT
com.outfit7.talkingtom,ENTERTAINMENT
com.weathercreative.weatherpuppy,WEATHER
com.move.rentals,LIFESTYLE
ecards.maker.not.someecards,COMICS
com.bitbox.dailyfunny,COMICS
com.runar.issdetector,EDUCATION
com.disco.discolights,LIBRARIES_AND_DEMO
com.cootek.smartinputv5.emoji.zero.touchpal.emojikeyboard,PERSONALIZATION
org.npr.one,NEWS_AND_MAGAZINES
com.google.android.apps.vega,BUSINESS
com.joulespersecond.seattlebusbot,TRANSPORTATION
com.wiziapp.app104473,NEWS_AND_MAGAZINES
photoupload.a.actstudent.org,EDUCATION
local.weather.forecast.pro,WEATHER
com.microblink.photomath,EDUCATION
com.jaumo,SOCIAL
com.sergeyotro.sharpsquare,PHOTOGRAPHY
com.houzz.app,LIFESTYLE
net.epsilonzero.hearingtest,MEDICAL
com.mostafiz.ovulation,MEDICAL
com.azwstudios.theholybible.kjv,LIFESTYLE
com.gtp.nextlauncher.theme.bloodysweetlove,COMICS
com.zc.android,TRANSPORTATION
com.cedarfair.knottsberry,TRAVEL_AND_LOCAL
com.savings.android.grocery,SHOPPING
com.fitbit.FitbitMobile,HEALTH_AND_FITNESS
com.espn.espnfantasybaseball,SPORTS
com.mobiledatalabs.mileiq,FINANCE
com.gau.go.launcherex.gowidget.timer,PRODUCTIVITY
com.swiitt.pixgram,PHOTOGRAPHY
com.netspend.product.android,FINANCE
com.kakao.talk,COMMUNICATION
com.cds.stormeye,WEATHER
com.nfl.now,SPORTS
com.avg.cleaner,PRODUCTIVITY
mobi.abcmouse.academy_goo,EDUCATION
com.drivemode.android,TRANSPORTATION
com.luckyxmobile.babycare,MEDICAL
com.panaceasupplies.android.reader,BOOKS_AND_REFERENCE
com.jrtstudio.AnotherMusicPlayer,MUSIC_AND_AUDIO
com.cleanmaster.mguard_x86,TOOLS
com.ieveryware.catscale,TRANSPORTATION
com.joelapenna.foursquared,TRAVEL_AND_LOCAL
com.fsp.android.friendlocator,SOCIAL
com.babycenter.pregnancytracker,HEALTH_AND_FITNESS
com.earthcam.webcams,TRAVEL_AND_LOCAL
com.textra.emoji,COMMUNICATION
com.tappple.followersplus,SOCIAL
com.dataviz.docstogo,BUSINESS
com.ridescoutapp.android.ridescout,TRANSPORTATION
com.pegasustranstech.transflonow,TRANSPORTATION
com.aarp.app,NEWS_AND_MAGAZINES
org.yccheok.jstock.gui,FINANCE
com.google.android.apps.walletnfcrel,FINANCE
com.buytopia.snap,SHOPPING
com.comcast,LIFESTYLE
com.gilt.android,SHOPPING
com.roadwarrior.android,TRANSPORTATION
com.google.android.apps.genie.geniewidget,NEWS_AND_MAGAZINES
mobi.infolife.ezweather.black,WEATHER
com.localtvllc.fourwarnme,WEATHER
com.socketwire.reverselookup,COMMUNICATION
com.gameloft.android.ANMP.GloftSIHM,GAME_ACTION
com.google.earth,TRAVEL_AND_LOCAL
com.hssn.anatomy3dlite,MEDICAL
flipboard.app,NEWS_AND_MAGAZINES
hdn.android.countdown,TOOLS
com.meijer.mobile.meijer,SHOPPING
com.skcc.corfire.dd,LIFESTYLE
com.bitstrips.imoji,ENTERTAINMENT
com.lumoslabs.lumosity,EDUCATION
com.mfoundry.mb.android.mb_111906271,FINANCE
com.pinkpointer.wordsearch,GAME_WORD
com.jb.gokeyboard.theme.happyeasterkeyboardtheme.getjar,PERSONALIZATION
com.lovedetector.jherenu,LIBRARIES_AND_DEMO
com.xiafy.magictricks,LIBRARIES_AND_DEMO
br.com.easytaxi,TRANSPORTATION
com.nithra.resume,BUSINESS
com.edjing.edjingdjturntable,MUSIC_AND_AUDIO
com.abclocal.wabc.news,NEWS_AND_MAGAZINES
com.zappos.android,SHOPPING
xibergy.com.shiftcodesbl2,BOOKS_AND_REFERENCE
com.allbiblestories.tja.AOUKREXJIQDBGHHUV,BOOKS_AND_REFERENCE
org.pbskids.video,EDUCATION
shipmate.carnival,TRAVEL_AND_LOCAL
com.zingbox.manga.view,COMICS
net.zedge.android,PERSONALIZATION
com.homesnap,TRAVEL_AND_LOCAL
com.t11.skyviewfree,EDUCATION
com.citi.citimobile,FINANCE
com.stubhub,ENTERTAINMENT
com.tasmanic.radio.fm,MUSIC_AND_AUDIO
com.tophatter,SHOPPING
mobi.infolife.ezweather.widget.moto360,WEATHER
com.codified.hipyard,SHOPPING
com.magicjack,SOCIAL
com.apalon.myclockfree,TOOLS
com.airwatch.androidagent,BUSINESS
com.kirklands.spintowin,SHOPPING
com.jb.gokeyboard.theme.glassgokeyboard.getjar,PERSONALIZATION
com.ketchapp.zigzaggame,GAME_ARCADE
com.wwmt.android.weather,WEATHER
com.udemy.android,EDUCATION
com.cmcm.flashlight,TOOLS
com.medicaljoyworks.clinicalsense,MEDICAL
com.locationlabs.finder.sprint,LIFESTYLE
com.kauf.talking.baum.TalkingMikeMouse,COMICS
com.united.mobile.android,TRAVEL_AND_LOCAL
com.freevdofacet.freevdofacetime,COMMUNICATION
com.emoji.Smart.ColorEmoji,SOCIAL
com.fingersoft.cartooncamera,PHOTOGRAPHY
com.doapps.android.mln.MLN_236e5a77f650f861bc31a015c2bd93b4,NEWS_AND_MAGAZINES
com.wonder,EDUCATION
com.konylabs.capitalone,FINANCE
com.nexonm.dominations.adk,GAME_STRATEGY
com.ksmobile.launcher.plugin.unread,TOOLS
com.drcalculator.android.mortgage,FINANCE
com.arcsoft.perfect365,PHOTOGRAPHY
com.google.android.apps.docs.editors.slides,PRODUCTIVITY
com.emoji.ikeyboard.theme.GOLD,SOCIAL
com.directv.dvrscheduler,ENTERTAINMENT
com.snapchat.android,SOCIAL
com.citrix.saas.gotowebinar,BUSINESS
mobi.mgeek.TunnyBrowser,COMMUNICATION
com.ncaa.mmlive.app,SPORTS
com.mindifi.deepsleephypnosis,MEDICAL
com.gau.go.launcherex,PERSONALIZATION
com.staircase3.opensignal,TOOLS
com.friendmapper,TRANSPORTATION
com.smartworld.photoframe,PHOTOGRAPHY
arrow.passcode.lock,LIFESTYLE
com.stt.mobilehotspot,COMMUNICATION
com.yahoo.mobile.client.android.search,BOOKS_AND_REFERENCE
com.talkray.client,COMMUNICATION
com.mylottos.results,NEWS_AND_MAGAZINES
com.brainpop.brainpopjuniorandroid,EDUCATION
net.lovoo.android,SOCIAL
com.playsimple.fitnessapp,HEALTH_AND_FITNESS
com.mobisystems.office,BUSINESS
com.rcplatform.photocollage,PHOTOGRAPHY
com.free_bible_dictionary.free_bible_dictionary,BOOKS_AND_REFERENCE
com.jcp,LIFESTYLE
tool.scanner,TOOLS
emoji.keyboard.emoticonkeyboard,TOOLS
com.billguard.android,FINANCE
com.mah.basketballlockscreen,SPORTS
com.northpark.drinkwater,HEALTH_AND_FITNESS
com.huffingtonpost.android,NEWS_AND_MAGAZINES
com.google.android.apps.fitness,HEALTH_AND_FITNESS
com.escapistgames.starchart,#
com.wtol.android.weather,WEATHER
com.vysionapps.niceeyesfree,PHOTOGRAPHY
com.fiverr.fiverr,BUSINESS
com.biggu.shopsavvy,SHOPPING
com.hertz,TRANSPORTATION
com.futurebits.followertracker,SOCIAL
com.music.choice,MUSIC_AND_AUDIO
com.PrankRiot,ENTERTAINMENT
passenger.mobileapps.usairways.com,TRAVEL_AND_LOCAL
sh.whisper,SOCIAL
com.benaughty,LIFESTYLE
com.zeptolab.ctr.ads,GAME_PUZZLE
com.glow.android,HEALTH_AND_FITNESS
com.abclocal.ktrk.news,NEWS_AND_MAGAZINES
com.github.wdkapps.fillup,TRANSPORTATION
com.djinc.annieblek,COMICS
com.kabam.marvelbattle,GAME_ACTION
com.xogrp.thebump,HEALTH_AND_FITNESS
com.gn.android.compass,TOOLS
com.zombodroid.memefbmessenger,ENTERTAINMENT
com.tmarki.comics,COMICS
com.tripit,TRAVEL_AND_LOCAL
com.supercell.boombeach,GAME_STRATEGY
com.emoji.ikeyboard,ENTERTAINMENT
com.contextlogic.geek,SHOPPING
com.yinzcam.nfl.cowboys,SPORTS
com.aitype.android.emojinew,PERSONALIZATION
com.ebay.mobile.appwidget,SHOPPING
com.alarmclock.xtreme.free,PRODUCTIVITY
com.americanwell.android.member.amwell,MEDICAL
com.aadhk.time,BUSINESS
com.restaurant.mobile,LIFESTYLE
com.emoji.coolkeyboard.emojipuzzle,PERSONALIZATION
m.noom.vierdriedrie,NEWS_AND_MAGAZINES
com.jb.gokeyboard.theme.neonbluegokeyboard.getjar,PRODUCTIVITY
com.vinylapps.futbol2015,SPORTS
com.jb.gosms.pctheme.simple,PERSONALIZATION
com.paybyphone,TRAVEL_AND_LOCAL
lunosoftware.mlbscores,SPORTS
com.tocaboca.tocakitchen,#
deezer.android.app,MUSIC_AND_AUDIO
com.radarbeep,TRAVEL_AND_LOCAL
com.atlasappco.draftkingsdailyfootball,SPORTS
markone.itunestoandroid.musictransfer.AOVADCEGSXIFFNZ,MUSIC_AND_AUDIO
com.jb.gokeyboard.theme.gokeyboardspeedtheme.getjar,PRODUCTIVITY
com.wlingua.curso,EDUCATION
com.kolsoft.babycare,MEDICAL
com.aviary.android.feather.plugins.stickers.space,LIBRARIES_AND_DEMO
cmm.liwenwen.ship.leaf,LIBRARIES_AND_DEMO
com.happyapp.paintsupersaiyanforkid,COMICS
com.askfm,SOCIAL
msgplus.jibe.sca,COMMUNICATION
wp.wattpad,BOOKS_AND_REFERENCE
com.s2dio.automath,#
org.orangenose.games,GAME_CASUAL
com.audioboom,ENTERTAINMENT
air.com.nbcuni.com.telemundo.envivo,SPORTS
com.viber.voip,COMMUNICATION
com.travelzoo.android,TRAVEL_AND_LOCAL
air.fisherprice.com.letscount,EDUCATION
com.zillow.android.zillowmap,LIFESTYLE
com.dccomics.comics,COMICS
io.vov.vitamio,LIBRARIES_AND_DEMO
com.jailbase.mobile_app,NEWS_AND_MAGAZINES
com.icandiapps.thenightskylite,BOOKS_AND_REFERENCE
com.whatsapp,COMMUNICATION
com.snipsnap.snipsnapapp,SHOPPING
com.ef.msreader,COMICS
com.mapswithme.maps.pro,TRAVEL_AND_LOCAL
com.berobo.android.scanner,ENTERTAINMENT
com.google.android.apps.docs.editors.docs,PRODUCTIVITY
com.bbm,COMMUNICATION
ch.threema.qrscannerplugin,LIBRARIES_AND_DEMO
com.gmail.heagoo.hackerdemo,LIBRARIES_AND_DEMO
com.travelocity.android,TRAVEL_AND_LOCAL
com.impact.impactbd,ENTERTAINMENT
com.namcobandaigames.pacmantournaments,GAME_ARCADE
com.noinnion.android.voicereading,NEWS_AND_MAGAZINES
com.teslacoilsw.notifier,LIBRARIES_AND_DEMO
com.mercariapp.mercari,SHOPPING
com.alifesoftware.stocktrainer,FINANCE
mobi.androidcloud.app.ptt.client,COMMUNICATION
com.q2e.IBCbank336340.mobile.production,FINANCE
com.yahoo.mobile.client.android.im,COMMUNICATION
com.phonegap.getpregnant,MEDICAL
com.foxfi,COMMUNICATION
com.nixpa.kik.video,SOCIAL
com.cbs.app,ENTERTAINMENT
com.gau.go.launcherex.gowidget.weatherwidget,WEATHER
com.svox.classic,LIBRARIES_AND_DEMO
com.reliancegames.rschampions,GAME_ACTION
com.at.meme.maker,COMICS
com.adepture.dailybibleverse,BOOKS_AND_REFERENCE
com.twocreativemonsters.followers.instagram,SOCIAL
com.disney.mdx.wdw.google,TRAVEL_AND_LOCAL
com.glidetalk.glideapp,COMMUNICATION
com.perk.screen,PRODUCTIVITY
bn.ereader,BOOKS_AND_REFERENCE
de.daboapps.mathematics,EDUCATION
ru.gonorovsky.kv.livewall.earthhd,PERSONALIZATION
com.etsy.android.soe,BUSINESS
com.tuttle.wx,WEATHER
com.jessdev.hdcameras,PHOTOGRAPHY
com.wf.wellsfargomobile,FINANCE
com.tripadvisor.tripadvisor,TRAVEL_AND_LOCAL
com.baiwang.stylephotomirror,PHOTOGRAPHY
net.slideshare.mobile,BUSINESS
com.jb.gosms.theme.getjar.fdlovenight,PERSONALIZATION
com.televisa.deportes.android,SPORTS
com.ge3software.osegredo,COMICS
com.wdtinc.android.KOTV,WEATHER
com.anttek.diary,LIFESTYLE
com.sentinelbd.news12,NEWS_AND_MAGAZINES
com.citrixonline.android.gotomeeting,BUSINESS
com.jk.dailytext,BOOKS_AND_REFERENCE
com.phyora.apps.reddit_now,NEWS_AND_MAGAZINES
music.bassbooster.equalizer,MUSIC_AND_AUDIO
com.opentable,LIFESTYLE
com.remind101,EDUCATION
com.kittithatteam.djmixpadappfree2014,LIBRARIES_AND_DEMO
com.google.android.apps.paidtasks,TOOLS
com.vidstitch,PHOTOGRAPHY
com.alltrails.alltrails,TRAVEL_AND_LOCAL
com.vevo,MUSIC_AND_AUDIO
com.smartmobilesoftware.phototranslatorlight,TRAVEL_AND_LOCAL
com.itunestoppodcastplayer.app,NEWS_AND_MAGAZINES
com.ebay.redlaser,SHOPPING
com.dream.collage.maker.pro,PHOTOGRAPHY
com.gyc.ace.kjv,BOOKS_AND_REFERENCE
com.zoemob.gpstracking,SOCIAL
com.universetoday.moon.free,WEATHER
com.sportssignup.teamwall,SPORTS
mmapps.mirror.free,LIFESTYLE
com.poshmark.app,SHOPPING
com.cyberlink.youperfect,PHOTOGRAPHY
com.funnyvideos.videosgraciososparawhatsapp,LIBRARIES_AND_DEMO
com.google.android.apps.androidify,ENTERTAINMENT
com.fbd.sao,COMICS
mobi.infolife.ezweather.widget.oxygen,WEATHER
com.ksnw.android.weather,WEATHER
com.alt12.babybump,HEALTH_AND_FITNESS
com.appdlab.radarexpress,WEATHER
org.acc.cvrisk,MEDICAL
com.SkyDivers.asteroids3d,PERSONALIZATION
com.cootek.smartinputv5.skin.theme_free_neonlight,PERSONALIZATION
com.bikiniabs,HEALTH_AND_FITNESS
com.pof.android,SOCIAL
com.dianxinos.dxbs,PRODUCTIVITY
com.emojifamily.emoji.keyboard.art.love,SOCIAL
com.hcsc.android.providerfindertx,MEDICAL
kx.photogrid.photocollage,PHOTOGRAPHY
me.talkyou.app.im,COMMUNICATION
com.anysoftkeyboard.languagepack.arabic,LIBRARIES_AND_DEMO
com.joshclemm.android.quake,NEWS_AND_MAGAZINES
com.ksl.android,NEWS_AND_MAGAZINES
com.apusapps.theme.pinko,PERSONALIZATION
com.yahoo.mobile.client.android.yahoo.att,NEWS_AND_MAGAZINES
com.farproc.wifi.connecter,LIBRARIES_AND_DEMO
com.guardian,NEWS_AND_MAGAZINES
com.jsdev.instasize,PHOTOGRAPHY
com.jb.gokeyboard.langpack.es,PRODUCTIVITY
com.calm.android,HEALTH_AND_FITNESS
com.intuit.qm2014,FINANCE
com.marriott.mrt,TRAVEL_AND_LOCAL
com.rovio.BadPiggies,#
com.tumblr,SOCIAL
com.nbcuni.nbcots.nbcdfw.android,NEWS_AND_MAGAZINES
your.CouponFinder.CouponFinder,SHOPPING
com.invoice2go.invoice2goplus,BUSINESS
com.run.xphonelockscreen,TOOLS
com.sprout.gamesandvideos,ENTERTAINMENT
com.cincinnati.dolly.Tigers,NEWS_AND_MAGAZINES
com.drivewyze.agatha2,TRANSPORTATION
com.islam.typearabic,LIBRARIES_AND_DEMO
com.experian.freecreditscore,FINANCE
com.umonistudio.tile,GAME_ARCADE
com.pnn.obdcardoctor,TRANSPORTATION
com.sephora,SHOPPING
com.cardinalcommerce.greendot,FINANCE
com.wunderkinder.wunderlistandroid,PRODUCTIVITY
com.criticalhitsoftware.policeradio,NEWS_AND_MAGAZINES
bible.and.strongs.concordance,BOOKS_AND_REFERENCE
com.microsoft.office.outlook,PRODUCTIVITY
doglicksscreen.ihs.com,PERSONALIZATION
com.hoopladigital.android,BOOKS_AND_REFERENCE
com.snailgameusa.tp,GAME_ACTION
com.fusionprojects.edmodo,EDUCATION
com.jb.gokeyboard.theme.light.getjar,PERSONALIZATION
com.tinymission.dailyworkoutsfree,HEALTH_AND_FITNESS
com.foxnews.android,NEWS_AND_MAGAZINES
com.linkedin.android.jobs.jobseeker,BUSINESS
com.amtrak.rider,TRAVEL_AND_LOCAL
com.bydeluxe.d3.android.program.starz,ENTERTAINMENT
app.cobo.launcher,PERSONALIZATION
com.appjigger.opticalflares_demo,LIBRARIES_AND_DEMO
com.Revsoft.Wabbitemu,EDUCATION
com.outfit7.mytalkingtomfree,GAME_CASUAL
com.cleanmaster.locatefamily,TRANSPORTATION
com.garciahierro.ragecomics,COMICS
com.jb.gokeyboard.theme.SpringGoKeyboard.getjar,LIFESTYLE
cmm.liwenwen.star.fly,LIBRARIES_AND_DEMO
com.activision.wipeout2,GAME_ACTION
com.Ming.RadioScanner_Rail,COMICS
com.GlowingFlowersLiveWallpaperHDHQ,PERSONALIZATION
com.disney.blankvinyl.goo,ENTERTAINMENT
com.yidio.androidapp,ENTERTAINMENT
com.youthhr.phonto,PHOTOGRAPHY
com.groupme.android,COMMUNICATION
com.webascender.callerid,COMMUNICATION
com.appnana.android.giftcardrewards,SHOPPING
com.booking,TRAVEL_AND_LOCAL
com.bettertomorrowapps.microphoneblockfree,LIBRARIES_AND_DEMO
com.banfield.bpht,MEDICAL
com.yahoo.mobile.client.android.fantasyfootball,SPORTS
com.foxfi.addon,LIBRARIES_AND_DEMO
com.mrnumber.blocker,COMMUNICATION
com.bestringtonesapps.funnysayingsringtones,MUSIC_AND_AUDIO
com.tdbank,FINANCE
com.oovoo,SOCIAL
com.studio8apps.instasizenocrop,PHOTOGRAPHY
com.ljmobile.move.app,TOOLS
com.baiwang.PhotoFeeling,PHOTOGRAPHY
com.srsdev.allfacts,COMICS
com.kakapo.worldbingo,GAME_CASINO
com.zocdoc.android,MEDICAL
com.monotype.android.font.free.fifty.written,PERSONALIZATION
com.pacificalabs.pacifica,HEALTH_AND_FITNESS
an.SpanishTranslate,BOOKS_AND_REFERENCE
com.papajohns.android,LIFESTYLE
com.tagsforlikes.tagsforlikes,SOCIAL
com.tmcc.click2pay.mytfs,FINANCE
com.roadtrippers,TRAVEL_AND_LOCAL
com.drugsdictionary,MEDICAL
com.tabtale.phoneforkids,EDUCATION
com.gometro,TRANSPORTATION
com.airbnb.android,TRAVEL_AND_LOCAL
at.nk.tools.iTranslate,PRODUCTIVITY
com.andanapps.app.calc,PRODUCTIVITY
com.costco.app.android,LIFESTYLE
com.instacart.client,SHOPPING
com.learntomaster.vtlts,EDUCATION
vStudio.Android.Camera360,PHOTOGRAPHY
es.lfp.laligatv,SPORTS
com.mobincube.android.sc_13UZZ,EDUCATION
com.kvadgroup.photostudio,PHOTOGRAPHY
com.aetn.history.watch,ENTERTAINMENT
com.adviceapp.howdrawbighero6,LIBRARIES_AND_DEMO
com.rubycell.perfectguitar,MUSIC_AND_AUDIO
com.johneyboy.turkeycalls,SPORTS
com.bestbuy.android,SHOPPING
com.rcplatform.fontphoto,PHOTOGRAPHY
com.lyrebirdstudio.mirror,PHOTOGRAPHY
com.niksoftware.snapseed,PHOTOGRAPHY
com.appsorama.bday,LIFESTYLE
com.wunderground.android.weather,WEATHER
com.mobisystems.ubreader_west,BOOKS_AND_REFERENCE
com.tdameritrade.mobile3,FINANCE
com.sp.protector.free,TOOLS
com.foxtwonow.localtv,NEWS_AND_MAGAZINES
com.hotornot.app,LIFESTYLE
com.futurebits.instamessage.free,SOCIAL
com.desarrollodroide.repos,LIBRARIES_AND_DEMO
com.disney.radiodisney_goo,ENTERTAINMENT
com.aspiro.tidal,MUSIC_AND_AUDIO
com.rubycell.pianisthd,MUSIC_AND_AUDIO
com.anbu.ringtonemaker,MUSIC_AND_AUDIO
net.skyscanner.android.main,TRAVEL_AND_LOCAL
com.pushbullet.android,PRODUCTIVITY
com.desaxedstudios.bassbooster,MUSIC_AND_AUDIO
com.crazygame.inputmethod.keyboard6,PERSONALIZATION
com.microsoft.office.onenote,PRODUCTIVITY
com.ticktalk.spanishenglish,BOOKS_AND_REFERENCE
com.pinquotes,SOCIAL
kr.co.openit.bpdiary,MEDICAL
lunosoftware.yankeesnews,SPORTS
com.mobeezio.android.dogwhistler,TOOLS
org.withouthat.acalendar,PRODUCTIVITY
com.ksdk.android.weather,WEATHER
com.kodak.kodakprintmaker,PHOTOGRAPHY
com.gotv.nflgamecenter.us.lite,SPORTS
gov.nih.nlm.sis.lactmed,MEDICAL
com.estados.estadosyfrasesparawhatsapp,LIBRARIES_AND_DEMO
com.ihg.apps.android,TRAVEL_AND_LOCAL
com.splashtop.remote.pad.v2,BUSINESS
org.reyfasoft.reinavalera1960,LIFESTYLE
com.golflogix.ui,SPORTS
com.botijo.sharedpremium,PRODUCTIVITY
com.cincinnati.CinBaseball,SPORTS
com.esurance.app,FINANCE
com.mysugr.android.companion,MEDICAL
com.lionmobi.powerclean,TOOLS
com.soundcloud.android,MUSIC_AND_AUDIO
com.rovio.angrybirds,#
com.adn37.omegleclientlite,COMMUNICATION
memento.thunderstorm.free.livewallpaper,PERSONALIZATION
com.kctv.android.weather,WEATHER
com.wdtinc.android.KWTV,WEATHER
com.fishmy.android,BOOKS_AND_REFERENCE
com.mxtech.ffmpeg.tegra3,LIBRARIES_AND_DEMO
com.handmark.expressweather,WEATHER
com.andromo.dev230101.app300711,LIFESTYLE
com.glu.baseball15,GAME_SPORTS
com.card.cardcom,FINANCE
com.mygdx.game2015facebody,COMICS
com.sygic.familywhere.android,TRAVEL_AND_LOCAL
com.serve.mobile,FINANCE
com.outfit7.gingersbirthdayfree,ENTERTAINMENT
com.navigation.navigator,TOOLS
com.workpail.inkpad.notepad.notes,TOOLS
com.nooktin.un4,BOOKS_AND_REFERENCE
com.nooktin.un3,BOOKS_AND_REFERENCE
air.fisherprice.com.shapesAndColors,EDUCATION
com.southwestairlines.mobile,TRAVEL_AND_LOCAL
com.azwstudios.theholybible.em,BOOKS_AND_REFERENCE
com.kkkeyboard.emoji.keyboard.theme.Paris,PERSONALIZATION
com.mercury.wpad,LIBRARIES_AND_DEMO
com.northpark.pushups,HEALTH_AND_FITNESS
com.midasplayer.apps.bubblewitchsaga2,GAME_CASUAL
com.iphodroid.deltaplanne,LIBRARIES_AND_DEMO
com.busuu.android.enc,EDUCATION
com.kindara.pgap,MEDICAL
com.FunForMobile.main,SOCIAL
com.hautelook.mcom,SHOPPING
org.lirr.portal,TRANSPORTATION
com.jb.gokeyboard.theme.dreamcolorsgokeyboard.getjar,PRODUCTIVITY
com.faithcomesbyhearing.android.bibleis,BOOKS_AND_REFERENCE
com.wooga.agentalice,GAME_PUZZLE
com.amazon.mp3,MUSIC_AND_AUDIO
org.wikipedia,BOOKS_AND_REFERENCE
com.ally.MobileBanking,FINANCE
com.ezhoop.music,MUSIC_AND_AUDIO
com.magnifis.parking,TRANSPORTATION
com.cars.android,LIFESTYLE
com.yahoo.mobile.client.android.mail,COMMUNICATION
com.scannerradio,ENTERTAINMENT
com.devuni.flashlight.ledclassic,LIBRARIES_AND_DEMO
itoll.com.ntta,TRANSPORTATION
com.tracfone.straighttalk.stdatasettings,COMMUNICATION
com.google.android.apps.classroom,EDUCATION
com.cootek.smartinputv5,PRODUCTIVITY
com.superphoto,PHOTOGRAPHY
com.cootek.smartinputv5.skin.theme_free_neonblue,LIFESTYLE
com.yuilop,COMMUNICATION
com.aviary.android.feather.plugins.stickers.free_stickers,LIBRARIES_AND_DEMO
fishnoodle.koipond_free,PERSONALIZATION
com.functionx.viggle,ENTERTAINMENT
air.com.roulette.LiveChatRoulette,SOCIAL
com.wellpoint.consumer.ABCBS,MEDICAL
com.GoFundMe.GoFundMe,SOCIAL
com.hrfy.plus,MEDICAL
com.fueneco.talking.photos,COMICS
com.issuu.android.app,NEWS_AND_MAGAZINES
com.cyworld.camera,PHOTOGRAPHY
cz.aponia.bor3,TRAVEL_AND_LOCAL
com.linkedin.android,SOCIAL
com.advocare,HEALTH_AND_FITNESS
com.instagram.android,SOCIAL
com.prankbp.bloodpressuredetectorsmart.bloodpressurechecker.diastolicbp.systolicbp.health,MEDICAL
surebaby.pregnancy.calculator,MEDICAL
com.mattia.videos.manager,ENTERTAINMENT
com.urbanspoon,TRAVEL_AND_LOCAL
hr.podlanica,MUSIC_AND_AUDIO
com.divi.volumebooster,MUSIC_AND_AUDIO
com.skollabs.quotes,BOOKS_AND_REFERENCE
uk.co.nickfines.RealCalc,PRODUCTIVITY
com.fujifilm.wifi,PHOTOGRAPHY
com.gametime.gametime,SPORTS
com.bodybuilding.mobile,HEALTH_AND_FITNESS
com.surpax.ledflashlight.panel,PRODUCTIVITY
com.getjar.rewards,SHOPPING
com.mdroidapps.filemanager,BUSINESS
com.fortunetechlab.photo.grid.shape.collage,PHOTOGRAPHY
com.autozone.mobile,SHOPPING
com.mobilesrepublic.appygeek,NEWS_AND_MAGAZINES
com.chexar.ingo.android,FINANCE
com.lelic.speedcam,TRANSPORTATION
com.andrwq.recorder,MUSIC_AND_AUDIO
com.getsomeheadspace.android,HEALTH_AND_FITNESS
com.geico.mobile,FINANCE
mobi.infolife.ezweather.widget.elegance,WEATHER
com.foodspotting,TRAVEL_AND_LOCAL
com.eterno,NEWS_AND_MAGAZINES
me.dingtone.app.im,SOCIAL
org.ligi.android.bluetooth.device_picker,LIBRARIES_AND_DEMO
com.financial.calculator,FINANCE
jp.naver.lineplay.android,SOCIAL
com.smart.mobile.lin.photo.keypad.locker,PERSONALIZATION
com.airjordannikerelease,LIFESTYLE
com.mathrawk.calleridfaker,COMMUNICATION
com.pocketprep.ptcb,MEDICAL
easis.sms.recovery.demo,LIBRARIES_AND_DEMO
kr.sira.unit,TOOLS
com.microsoft.bing,BOOKS_AND_REFERENCE
com.discoverfinancial.mobile,FINANCE
com.singlesaroundme.android,SOCIAL
com.thehomedepot,SHOPPING
com.wiziapp.app104331,NEWS_AND_MAGAZINES
com.microsoft.xboxone.smartglass,ENTERTAINMENT
studio.coldstream.minecraftlwp,PERSONALIZATION
com.here.app.maps,TRAVEL_AND_LOCAL
com.vizmanga.android,COMICS
com.ebay.mobile,SHOPPING
com.wallapop,SHOPPING
com.sololearn.javascript,EDUCATION
com.ea.game.maddenmobile15_row,#
org.androidworks.livewallpaperwatervr,LIBRARIES_AND_DEMO
spinninghead.carhome,TRANSPORTATION
com.emoji.Smart.Keyboard,SOCIAL
com.teletype.smarttruckroute,TRANSPORTATION
com.gamestar.pianoperfect,MUSIC_AND_AUDIO
com.handyapps.tipnsplit,FINANCE
com.lazyswipe,TOOLS
com.griffincommunications.droid.news9,NEWS_AND_MAGAZINES
com.mowingo.gaaf,LIFESTYLE
air.ie.capture.fisherprice,BOOKS_AND_REFERENCE
com.iudesk.android.photo.editor,PHOTOGRAPHY
com.amazon.clouddrive.photos,PHOTOGRAPHY
uk.co.mxdata.newyorksub,TRANSPORTATION
com.microsoft.amp.apps.bingnews,NEWS_AND_MAGAZINES
com.amuniversal.android.gocomics,COMICS
com.lampe.torcher.flashlight,TOOLS
joansoft.dailybible,BOOKS_AND_REFERENCE
com.thetransitapp.droid,TRANSPORTATION
com.sigmaphone.topmedfree,MEDICAL
com.rounds.android,COMMUNICATION
com.chipotle.ordering,LIFESTYLE
com.medisafe.android.client,HEALTH_AND_FITNESS
com.vanguard,FINANCE
com.helprx,MEDICAL
net.HypercraftSarl.FNaC,GAME_ACTION
com.labs.merlinbirdid.app,BOOKS_AND_REFERENCE
com.njtransit.njtapp,TRANSPORTATION
com.funforfones.android.dcmetro,TRANSPORTATION
com.akasoft.topplaces,TRAVEL_AND_LOCAL
com.mojo.cutegirlanime,COMICS
com.mangameow,BOOKS_AND_REFERENCE
com.apalon.weatherlive.free,WEATHER
tongtang.albb.LoveAnime,COMICS
com.repost,SOCIAL
com.shotzoom.golfshot2,SPORTS
air.com.screenpapermedia.basic.mobile.launchday.sims4,NEWS_AND_MAGAZINES
com.djloboapp.djlobo,MUSIC_AND_AUDIO
com.ideashower.readitlater.pro,NEWS_AND_MAGAZINES
com.CountyJailInmateSearch,BOOKS_AND_REFERENCE
com.wsl.noom,HEALTH_AND_FITNESS
me.lyft.android,TRANSPORTATION
com.mobincube.android.sc_17Z72,EDUCATION
org.npr.android.news,NEWS_AND_MAGAZINES
air.com.nbcuni.com.nbcsports.liveextra,SPORTS
com.opentech.tourpal,TRAVEL_AND_LOCAL
com.WaterfallLiveWallpaperHDHQ,PERSONALIZATION
com.ehi.csma,TRANSPORTATION
com.gregacucnik.fishingpoints,SPORTS
com.rhapsody,MUSIC_AND_AUDIO
com.sprylogics.breakingsports,SPORTS
com.flynx,PRODUCTIVITY
com.vsco.cam,PHOTOGRAPHY
com.americanexpress.android.acctsvcs.us,FINANCE
com.google.android.apps.inbox,PRODUCTIVITY
com.jb.gokeyboard.plugin.facecombination.funny,PERSONALIZATION
com.cmplay.activesdk,PRODUCTIVITY
com.melodis.midomiMusicIdentifier.freemium,MUSIC_AND_AUDIO
kik.android,COMMUNICATION
com.StormLiveWallpaperHD,PERSONALIZATION
io.big5.jobs_now_hiring,BUSINESS
com.andronicus.torch,TOOLS
com.kayak.android,TRAVEL_AND_LOCAL
com.scoompa.facechanger,ENTERTAINMENT
com.pixign.premiumwallpapers,PERSONALIZATION
com.brisk.jpay,FINANCE
org.coursera.android,EDUCATION
com.baviux.voicechanger,GAME_FAMILY
com.google.android.launcher,TOOLS
com.nyctrans.it,TRANSPORTATION
com.mojo.animewallpaper,COMICS
com.hushed.release,COMMUNICATION
com.starbucks.mobilecard,LIFESTYLE
com.qihoo360.launcher,PERSONALIZATION
flashlight.led.clock,PRODUCTIVITY
com.mindbodyonline.connect,HEALTH_AND_FITNESS
com.pulselive.bcci.android,SPORTS
mobi.pdf417,LIBRARIES_AND_DEMO
com.cootek.smartinputv5.skin.keyboard_theme_light_science,PERSONALIZATION
com.deary.thejokerwallpapers,COMICS
com.iart.chromecastapps,NEWS_AND_MAGAZINES
com.famousbluemedia.piano,MUSIC_AND_AUDIO
com.clinical.quicklabreference,MEDICAL
com.classdojo.android,EDUCATION
com.xgg.gten,GAME_ROLE_PLAYING
com.goodrx,MEDICAL
com.snagajob.jobseeker,BUSINESS
mobi.infolife.ezweather.widget.surrealistic,WEATHER
com.cootek.smartinputv5.language.v5.englishus,PRODUCTIVITY
com.sovereign.santander,FINANCE
com.cobra.iradar,TRAVEL_AND_LOCAL
mobi.drupe.app,PRODUCTIVITY
com.evernote,PRODUCTIVITY
com.sparkstarter.app,LIFESTYLE
com.mobileapps.apps.LearnToDraw,EDUCATION
com.aviary.android.feather,PHOTOGRAPHY
com.google.android.apps.magazines,NEWS_AND_MAGAZINES
cn.wps.moffice_eng,BUSINESS
net.alarabiya.android.anaara,NEWS_AND_MAGAZINES
com.johnproctorsrq.freemote,TOOLS
com.anddoes.launcher,PERSONALIZATION
com.bbva.compassBuzz,FINANCE
com.jacek.miszczyk.pregnancytestLite,MEDICAL
com.aetn.aetv.watch,ENTERTAINMENT
com.hoteltonight.android.prod,TRAVEL_AND_LOCAL
com.care.android.careview,LIFESTYLE
air.meez.app.Towers,SOCIAL
com.redfin.android,LIFESTYLE
me.everything.launcher,PERSONALIZATION
net.flixster.android,ENTERTAINMENT
com.kytv.android.weather,WEATHER
air.com.golfchannel.gcliveextra,SPORTS
com.shutterfly,PHOTOGRAPHY
sneakercrush.apps.sc,SPORTS
com.qisiemoji.inputmethod,TOOLS
com.truecaller.phoneapp,COMMUNICATION
com.enjoycorp.cuteprincesselsawallpaperfrozenworld,COMICS
com.myfitnesspal.android,HEALTH_AND_FITNESS
com.shoutz.shoutzapp,NEWS_AND_MAGAZINES
com.atlogis.northamerica.free,TRAVEL_AND_LOCAL
com.kicksonfire.android,LIFESTYLE
com.fsp.android.phonetracker,TOOLS
com.oodles.download.free.ebooks.reader,BOOKS_AND_REFERENCE
com.google.android.apps.hangoutsdialer,COMMUNICATION
com.google.zxing.client.android,SHOPPING
com.quoord.tapatalkpro.activity,SOCIAL
com.dietcoacher.sos,HEALTH_AND_FITNESS
com.xoom.android.app,FINANCE
com.offerup,SHOPPING
com.juphoon.justalk,COMMUNICATION
com.sling,ENTERTAINMENT
com.tabtale.wheelsonthebus,EDUCATION
com.facebook.stickered,ENTERTAINMENT
com.mangohealth.mango,HEALTH_AND_FITNESS
com.pnc.ecommerce.mobile.vw.android,FINANCE
com.facebook.groups,SOCIAL
com.SpringFlowersLiveWallpaperHQ,PERSONALIZATION
com.citymapper.app.release,TRANSPORTATION
com.hotpads.mobile,LIFESTYLE
com.crazystudio.emoji.kitkat,TOOLS
com.sololearn.csstrial,EDUCATION
com.creator.fitnessblender,HEALTH_AND_FITNESS
com.berobo.android.police.radio.scanner.se,ENTERTAINMENT
com.studyblue,EDUCATION
com.lge.p2p,COMMUNICATION
com.rookiestudio.perfectviewer,COMICS
com.intuit.mobile.taxcaster,FINANCE
com.wildec.meet24,SOCIAL
com.jb.gokeyboard.theme.watergokeyboardtheme.getjar,PERSONALIZATION
com.sewichi.client.panel,LIFESTYLE
com.mobilefootie.wc2010,SPORTS
pl.infinzmedia.electricscreenfree,PERSONALIZATION
com.musicmaniac.music.player,MUSIC_AND_AUDIO
com.disney.frozensaga_goo,GAME_PUZZLE
bbc.mobile.news.ww,NEWS_AND_MAGAZINES
com.zrgiu.antivirus,TOOLS
com.intuit.mobile.mytaxrefund,FINANCE
com.cisco.anyconnect.vpn.android.avf,BUSINESS
com.icontrol.icontrolweb,LIFESTYLE
hotspotshield.android.vpn,TOOLS
org.torproject.android,COMMUNICATION
com.fatsecret.android,HEALTH_AND_FITNESS
com.zentertain.photocollage,PHOTOGRAPHY
com.Feng.LingCodeLockLockScreen,LIBRARIES_AND_DEMO
au.com.penguinapps.android.babyfeeding.client.android,MEDICAL
com.sidekickApp,TRANSPORTATION
com.greenleaf.android.translator.enes.a,BOOKS_AND_REFERENCE
com.outfit7.talkingpierrefree,ENTERTAINMENT
com.tapastic,COMICS
com.musixmatch.android.lyrify,MUSIC_AND_AUDIO
org.appness.atlantabaseballfree,SPORTS
com.amazon.kindle,BOOKS_AND_REFERENCE
com.appriss.vinemobile,BOOKS_AND_REFERENCE
com.ln.lockscreen,TOOLS
com.flyersoft.moonreader,BOOKS_AND_REFERENCE
com.applebees.app,TRAVEL_AND_LOCAL
com.adi.remote.phone,TOOLS
com.monotype.android.font.free.fifty.tattoo,PERSONALIZATION
com.apusapps.theme.reallife,PERSONALIZATION
com.contextlogic.wish,SHOPPING
com.nprpodcastplayer.app,NEWS_AND_MAGAZINES
com.bn.nook.audio,BOOKS_AND_REFERENCE
com.andromo.dev362143.app338788,HEALTH_AND_FITNESS
com.whaleshark.retailmenot,SHOPPING
com.emoji.smartkeyboard,SOCIAL
com.avodev.bestvines,ENTERTAINMENT
com.allrecipes.spinner.free,LIFESTYLE
com.mxtech.ffmpeg.v7_neon,LIBRARIES_AND_DEMO
com.devexpert.weather,WEATHER
com.scoompa.collagemaker,PHOTOGRAPHY
com.enflick.android.TextNow,SOCIAL
com.sega.sonicdash,GAME_ARCADE
com.gismart.guitar,MUSIC_AND_AUDIO
com.af.screenmanager,LIFESTYLE
com.doodleapp.equalizer,MUSIC_AND_AUDIO
com.mobile6sense.lp,EDUCATION
com.sri.mobilenumberlocator,TOOLS
com.dena.mj,COMICS
com.androiddevelopermx.blogspot.bones3d,MEDICAL
com.king.petrescuesaga,GAME_CASUAL
net.androidcomics.acv,COMICS
com.duanstar.cta,TRANSPORTATION
com.srbd.ml2fdt.vr.environment,LIBRARIES_AND_DEMO
com.ninechat.android.chat,SOCIAL
net.manageapps.MrCheckpoint,TRANSPORTATION
com.viewster.androidapp,ENTERTAINMENT
com.fooducate.nutritionapp,HEALTH_AND_FITNESS
us.zoom.videomeetings,BUSINESS
com.parkme.consumer,TRANSPORTATION
com.ea.game.pvzfree_row,#
com.wanderful.findnsave,SHOPPING
com.commsource.beautyplus,PHOTOGRAPHY
com.andromo.dev362143.app338475,COMMUNICATION
com.tanada.gunmodforminecraft,BOOKS_AND_REFERENCE
com.quran.labs.androidquran,BOOKS_AND_REFERENCE
com.foxsports.videogo,SPORTS
com.gingersoftware.android.keyboard,TOOLS
anitta.letrapps.com.dragonballz,COMICS
com.disneydigitalbooks.PalacePets_goo,ENTERTAINMENT
ginlemon.smartlauncher.bootfix,LIBRARIES_AND_DEMO
com.mictale.gpsessentials,TRAVEL_AND_LOCAL
com.zoobe.zoobecam,ENTERTAINMENT
com.priceline.android.negotiator,TRAVEL_AND_LOCAL
com.rarlab.rar,TOOLS
gov.nasa,EDUCATION
pl.extremedia.diagnozer,MEDICAL
com.fiberlink.maas360.android.control.samsung,BUSINESS
com.pearson.powerschool.android.student,EDUCATION
com.ancestry.android.apps.ancestry,BOOKS_AND_REFERENCE
com.audible.application,BOOKS_AND_REFERENCE
com.cyberlink.youcammakeup,PHOTOGRAPHY
com.glympse.android.glympse,SOCIAL
com.citizensbank.androidapp,FINANCE
com.cloudmosa.puffinFree,COMMUNICATION
com.experian,FINANCE
com.mobilesrepublic.appy,NEWS_AND_MAGAZINES
com.upp.mangadrawings,COMICS
com.app.free.studio.firefly.locker,TOOLS
com.mobtopus.magiceffectsfree,PHOTOGRAPHY
com.hilton.android.hhonors,TRAVEL_AND_LOCAL
com.ovuline.pregnancy,MEDICAL
com.digitalchemy.calculator.freedecimal,TOOLS
com.funfactory.photoeditor,PHOTOGRAPHY
com.estrongs.android.taskmanager,BUSINESS
com.aaa.android.discounts,LIFESTYLE
com.dumplingsandwich.cartoonphoto,PHOTOGRAPHY
com.activision.callofduty.heroes,GAME_ACTION
com.twitter.android,SOCIAL
com.lyveminds.lyve,PHOTOGRAPHY
com.google.android.stardroid,BOOKS_AND_REFERENCE
com.cnbc.client,FINANCE
com.kmart.android,SHOPPING
com.easy.tv.remote,TOOLS
com.jb.gokeyboard.theme.blackandwhite.getjar,PRODUCTIVITY
com.appxy.tinyscanfree,PRODUCTIVITY
com.rndapp.mtamap,TRANSPORTATION
com.mtvn.mtvPrimeAndroid,ENTERTAINMENT
com.atomic.apps.medical.drug.dictionary,MEDICAL
com.itsmarta.martaapp,TRANSPORTATION
com.health5c.android.pillidentifier.ui,MEDICAL
com.kkkeyboard.emoji.keyboard.theme.ColorLove,PERSONALIZATION
com.opera.browser,COMMUNICATION
com.investorvista.stockspyod,FINANCE
biz.bookdesign.librivox,BOOKS_AND_REFERENCE
de.aracom.remotecontrolapp,LIBRARIES_AND_DEMO
com.msart.emojikeyboard,LIFESTYLE
com.hp.android.printservice,PRODUCTIVITY
com.avast.android.mobilesecurity,TOOLS
com.buschgardens.mobile,TRAVEL_AND_LOCAL
com.crazyapps.mobilelocationtracker,PRODUCTIVITY
com.kauf.weapons.gunsanddestruction,COMICS
com.symbolic.pitchlab,MUSIC_AND_AUDIO
com.zumobi.msnbc,NEWS_AND_MAGAZINES
com.seta.tollroaddroid.app,BUSINESS
com.gyft.android,SHOPPING
gbis.gbandroid,TRAVEL_AND_LOCAL
com.autodesk.homestyler,LIFESTYLE
org.kp.m,HEALTH_AND_FITNESS
com.tmarki.comicmaker,COMICS
com.alarm.alarmmobile.android,LIFESTYLE
com.tvnweather.livechasing.app,WEATHER
com.tony007,EDUCATION
net.sharewire.parkmobilev2,TRANSPORTATION
com.protrade.sportacular,SPORTS
com.medical.dictionary,MEDICAL
com.inome.android,BOOKS_AND_REFERENCE
com.FabulousPixel.TuscanyDive,LIBRARIES_AND_DEMO
com.auntieannes.pretzelperks,SHOPPING
com.treemolabs.apps.cbsnews,NEWS_AND_MAGAZINES
com.marycastro940.ClassicBoardGames,SHOPPING
us.ab.internetbooster.optimizator,TOOLS
com.explore.web.browser,SOCIAL
com.upstartmobile.Cabulous,TRANSPORTATION
com.axiemsystems.photoeditorminus,PHOTOGRAPHY
ginlemon.homebase,LIBRARIES_AND_DEMO
com.joistapp.android.joist,BUSINESS
com.salesforce.chatter,BUSINESS
com.PinnacleLabs.wifihotspot,COMMUNICATION
ipnossoft.rma.free,HEALTH_AND_FITNESS
com.lowestmed.android,MEDICAL
com.noom.walk,HEALTH_AND_FITNESS
com.interactive8.readmestories,EDUCATION
com.trivago,TRAVEL_AND_LOCAL
io.wifimap.wifimap,TRAVEL_AND_LOCAL
com.mjc.mediaplayer,MUSIC_AND_AUDIO
com.socialnmobile.hd.flashlight,TOOLS
com.cardinalblue.piccollage.google,PHOTOGRAPHY
com.adobe.reader,PRODUCTIVITY
com.cootek.smartinputv5.skin.keyboard_theme_baymax_big_hero,PRODUCTIVITY
com.key.android,FINANCE
mmapps.bmi.calculator,HEALTH_AND_FITNESS
net.alarabiya.android.alhadath,NEWS_AND_MAGAZINES
home.solo.launcher.free,PERSONALIZATION
air.com.sgn.cookiejam.gp,GAME_PUZZLE
com.everimaging.photoeffectstudio,PHOTOGRAPHY
com.discoteca.lucesdediscoteca,LIBRARIES_AND_DEMO
com.devhd.feedly,NEWS_AND_MAGAZINES
com.unearby.sayhi,SOCIAL
com.tplink.tether,LIBRARIES_AND_DEMO
com.tennumbers.animatedwidgetsfree,WEATHER
com.hd.factory.anime,COMICS
com.godaddy.mobile.android,BUSINESS
com.inturi.net.android.TimberAndLumberCalc,PRODUCTIVITY
dk.mymovies.mymoviesforandroidfree,LIFESTYLE
com.grillgames.guitarrockhero,GAME_MUSIC
com.ikeyboard.theme.Luxury,PERSONALIZATION
com.carmax.carmax,LIFESTYLE
com.mobile.remote.control,MUSIC_AND_AUDIO
com.epocrates,MEDICAL
com.wavecenter.inputmethod.emojifree,PRODUCTIVITY
com.madx.updatechecker,LIBRARIES_AND_DEMO
com.dotc.lockbooster,PERSONALIZATION
com.espn.droid.bracket_bound,SPORTS
com.keeptruckin.android,TRANSPORTATION
com.armincl.vmangamangahere,COMICS
com.google.android.apps.googlevoice,COMMUNICATION
com.goodreads,BOOKS_AND_REFERENCE
com.appturbo.appoftheday2015,LIFESTYLE
com.aitype.android,PRODUCTIVITY
com.darkhorse.digital,COMICS
com.ikeyboard.theme.GOLD,ENTERTAINMENT
com.onelouder.baconreader,NEWS_AND_MAGAZINES
com.fourtechnologies.mynetdiary.ad,HEALTH_AND_FITNESS
com.famousbluemedia.yokee,MUSIC_AND_AUDIO
com.dgn.allrecipes,BOOKS_AND_REFERENCE
org.appness.chicagonorthsidefree,SPORTS
jp.co.canon.bsd.ad.pixmaprint,TOOLS
com.gexperts.ontrack,MEDICAL
com.igg.castleclash,GAME_STRATEGY
com.vent,SOCIAL
com.select.family,BUSINESS
com.yadavapp.keypadlockscreen,TOOLS
com.appsverse.photon,COMMUNICATION
com.google.android.apps.docs,PRODUCTIVITY
com.sgiggle.production,SOCIAL
com.wsandroid.suite,PRODUCTIVITY
com.deseretnews.android,NEWS_AND_MAGAZINES
com.fgol.HungrySharkEvolution,GAME_ARCADE
com.bestringtonesapps.popularringtones,MUSIC_AND_AUDIO
com.jb.gosms,COMMUNICATION
com.microsoft.skydrive,PRODUCTIVITY
com.jrtstudio.music,MUSIC_AND_AUDIO
com.partyPowered.GPS_EASY_CAR_LITE,TRANSPORTATION
com.gtp.nextlauncher.theme.magic,COMICS
com.pixlr.express,PHOTOGRAPHY
com.urbandictionary.android,BOOKS_AND_REFERENCE
com.outthinking.textonpic,PHOTOGRAPHY
com.zupilupi.sourcecodeviewer,LIBRARIES_AND_DEMO
com.wavestudio.theme.whiteblue,PRODUCTIVITY
com.caynax.a6w,HEALTH_AND_FITNESS
com.acmeaom.android.myradar,WEATHER
com.smartmobilesoftware.voicetranslatorfree,TRAVEL_AND_LOCAL
com.liferecipes.healthyrecipes,LIBRARIES_AND_DEMO
epson.print,TOOLS
com.android.chrome,COMMUNICATION
com.runtastic.android.pedometer.lite,HEALTH_AND_FITNESS
info.androidz.horoscope,LIFESTYLE
com.bradsdeals,SHOPPING
com.jb.emoji.gokeyboard,TOOLS
com.dumplingsandwich.pencilsketch,PHOTOGRAPHY
com.weather.Weather,WEATHER
com.pnc.ecommerce.mobile,FINANCE
com.seatgeek.android,ENTERTAINMENT
com.ae.ae,SHOPPING
hlt.nursing.com,EDUCATION
mobi.infolife.ezweather,WEATHER
com.popularapp.sevenmins,HEALTH_AND_FITNESS
com.google.android.apps.plus,SOCIAL
org.kde.necessitas.ministro,LIBRARIES_AND_DEMO
com.usat.sports,SPORTS
com.fsp.android.c,SOCIAL
com.mad.tihh.mixtapes,MUSIC_AND_AUDIO
com.evertec.athmovil.android,FINANCE
de.perished.android.apps.fishingknots,SPORTS
com.ketchapp.springninja,GAME_ARCADE
com.mytwc.common.resource,PRODUCTIVITY
com.mobisystems.msdict.embedded.wireless.oxford.concisemedical,MEDICAL
com.madebyappolis.spinrilla,MUSIC_AND_AUDIO
com.yahoo.mobile.client.android.yahoo,NEWS_AND_MAGAZINES
com.realbyteapps.moneymanagerfree,FINANCE
com.guillaumegranger.mc,MEDICAL
com.microsoft.smartglass,ENTERTAINMENT
mobi.infolife.taskmanager,PRODUCTIVITY
com.tnpsri99.drawmanga,COMICS
fr.telemaque.horoscope,LIFESTYLE
com.wsl.android,SPORTS
com.weightwatchers.mobile,HEALTH_AND_FITNESS
com.aviary.android.feather.plugins.filters.original,LIBRARIES_AND_DEMO
com.visinor.phonewarrior,COMMUNICATION
com.p1.chompsms.emoji,COMMUNICATION
com.ubercab.driver,TRANSPORTATION
gov.irs,FINANCE
com.uptodate.android,MEDICAL
com.thehomedepot.proapp,BUSINESS
com.radpad.RadPad,LIFESTYLE
com.c51,SHOPPING
com.whiztools.ultimatecheats,BOOKS_AND_REFERENCE
com.JankStudio.Mixtapes,MUSIC_AND_AUDIO
com.jb.gokeyboard.theme.electricmusickeyboardtheme.getjar,TOOLS
com.disney.datg.videoplatforms.android.abc,ENTERTAINMENT
com.cvs.launchers.cvs,HEALTH_AND_FITNESS
com.runtastic.android,HEALTH_AND_FITNESS
com.popular.android.mibanco,FINANCE
com.kep.driving.us,EDUCATION
com.fishbrain.app,SPORTS
com.laurencedawson.reddit_sync,NEWS_AND_MAGAZINES
com.marvel.comics,COMICS
com.waze,TRAVEL_AND_LOCAL
com.airwatch.admin.samsung,BUSINESS
com.jb.gosms.theme.getjar.fdimusic,PERSONALIZATION
com.acorns.android,FINANCE
com.etermax.preguntados.lite,GAME_TRIVIA
com.pinger.textfree,SOCIAL
com.foxsports.android,SPORTS
com.baviux.pillreminder,MEDICAL
com.scoutlook.hunting,WEATHER
com.walklogger.pedometer,HEALTH_AND_FITNESS
com.nbcuni.nbcots.nbcchicago.android,NEWS_AND_MAGAZINES
com.dmap.animatorvideo,LIBRARIES_AND_DEMO
com.firstdata.moneynetwork,FINANCE
com.truecaller,COMMUNICATION
com.softcoil.mms,COMMUNICATION
com.sec.android.easyMover,TOOLS
com.eliferun.music,MUSIC_AND_AUDIO
com.ebooks.ebookreader,BOOKS_AND_REFERENCE
com.droid27.transparentclockweather,WEATHER
com.lava.music,MUSIC_AND_AUDIO
com.github.jamesgay.fitnotes,HEALTH_AND_FITNESS
com.contapps.android,COMMUNICATION
com.dailymail.online,NEWS_AND_MAGAZINES
com.CrazyRobot.BatteryBooster,PRODUCTIVITY
com.GodLiveWallpapers,PERSONALIZATION
com.nitrodesk.droid20.nitroid,BUSINESS
com.grand_prime_demo,LIBRARIES_AND_DEMO
com.google.android.apps.enterprise.dmagent,PRODUCTIVITY
com.apusapps.launcher,PERSONALIZATION
com.vivsig.scorefinger,SPORTS
com.google.android.apps.adm,TOOLS
com.badoo.mobile,SOCIAL
cellfish.spidermanlwp,PERSONALIZATION
com.naver.linewebtoon,COMICS
com.outfit7.tomlovesangelafree,ENTERTAINMENT
com.kroger.mobile,SHOPPING
si.modula.android.instantheartrate,HEALTH_AND_FITNESS
com.zillow.android.zmm,FINANCE
es.lfp.gi.main,SPORTS
air.com.mobigrow.canyouescape,GAME_PUZZLE
ru.mamba.client,SOCIAL
ginlemon.flowerfree,PERSONALIZATION
net.zhuoweizhang.mcpelauncher,TOOLS
com.woodforest,FINANCE
com.mapquest.android.commute,TRAVEL_AND_LOCAL
com.wjbk.android.weather,WEATHER
com.wish.android.weather,WEATHER
com.loudtalks,SOCIAL
com.jb.gokeyboard.theme.future.getjar,PERSONALIZATION
com.magix.android.mmjam,MUSIC_AND_AUDIO
com.rcplatform.nocrop,PHOTOGRAPHY
com.pegasustranstech.transflonowplus,TRANSPORTATION
com.fitnesskeeper.runkeeper.pro,HEALTH_AND_FITNESS
com.dynamixsoftware.printershare,BUSINESS
com.kep.driving.us.spanish,EDUCATION
com.ebates,SHOPPING
com.hmobile.biblekjv,BOOKS_AND_REFERENCE
com.kellytechnology.NOAA_Now,WEATHER
com.blue.fox.scannerradio,NEWS_AND_MAGAZINES
com.univision.uforia,MUSIC_AND_AUDIO
com.skinsappza.skinsminecraftpeproze,BOOKS_AND_REFERENCE
com.bhvr.homejam,GAME_PUZZLE
com.estmob.android.sendanywhere,PRODUCTIVITY
com.listia.Listia,SHOPPING
com.king.farmheroessaga,GAME_CASUAL
com.buzzfeed.android,NEWS_AND_MAGAZINES
com.zoodles.kidmode,#
com.outfit7.talkingangelafree,ENTERTAINMENT
com.airwatch.browser,BUSINESS
com.kbb.mobileplatform,LIFESTYLE
com.djit.equalizerplusforandroidfree,MUSIC_AND_AUDIO
com.fridaylab.deeper,SPORTS
com.sears.shopyourway,SHOPPING
example.matharithmetics,EDUCATION
com.kathleenOswald.solitaireGooglePlay,GAME_CARD
com.sessionm.mplaces,ENTERTAINMENT
com.orbitz,TRAVEL_AND_LOCAL
com.jrummy.root.browserfree,PRODUCTIVITY
com.maddesa.dead2me,SOCIAL
com.audiomack,MUSIC_AND_AUDIO
com.smsrobot.callrecorder,BUSINESS
air.fisherprice.com.Puppy,EDUCATION
com.famousfootwear.android,SHOPPING
ch.bitspin.timely,LIFESTYLE
com.bluetornadosf.smartypants,PRODUCTIVITY
net.megawave.flashalerts,TOOLS
kulana.tools.vacationcountdown,TRAVEL_AND_LOCAL
com.bigroad.ttb.android,TRANSPORTATION
com.microsoft.rdc.android,BUSINESS
com.mentisco.freewificonnect,COMMUNICATION
com.xiafy.rubikscube,LIBRARIES_AND_DEMO
com.mhriley.spendingtracker,FINANCE
com.ztapps.lockermaster,PERSONALIZATION
com.aws.android,WEATHER
com.cisco.webex.meetings,BUSINESS
com.fitnow.loseit,HEALTH_AND_FITNESS
com.fandango.regal,ENTERTAINMENT
com.tfb,SHOPPING
com.nextdoor,SOCIAL
com.higherone.mobile.android,FINANCE
com.devsense.symbolab,EDUCATION
com.savingstar.SavingStar,SHOPPING
com.km.cutpaste.util,PHOTOGRAPHY
com.route66.maps5,TRAVEL_AND_LOCAL
com.chicagoandroid.childrentv,COMICS
com.nhn.android.webtoon,COMICS
biz.binarysolutions.fasp,BUSINESS
com.allproplay.ttgochannel,COMICS
com.groupon,SHOPPING
com.compassion.compassion,LIFESTYLE
com.ecografias4d.ecografias4d,MEDICAL
org.familysearch.mobile,BOOKS_AND_REFERENCE
com.Slack,BUSINESS
com.tracfone.straighttalk.myaccount,COMMUNICATION
com.eddysoft.comicviewer,COMICS
com.merriamwebster,BOOKS_AND_REFERENCE
de.mdiener.rain.usa,WEATHER
com.sololearn.htmltrial,EDUCATION
com.zalebox.teenage.bedroom.ideas.g1,LIBRARIES_AND_DEMO
la.droid.qr,PRODUCTIVITY
ginlemon.smartlauncher.extratool,LIBRARIES_AND_DEMO
com.cube.arc.blood,MEDICAL
com.baloota.dumpster,PRODUCTIVITY
com.mathrawk.privatetexting,COMMUNICATION
com.campmobile.launcher,PERSONALIZATION
com.runtastic.android.sleepbetter.lite,HEALTH_AND_FITNESS
com.endless.manga,COMICS
com.nmr,SHOPPING
com.tamtris.fertilityfriend,HEALTH_AND_FITNESS
com.sololearn.java,EDUCATION
com.body.building,HEALTH_AND_FITNESS
com.mate1.DatingApp,SOCIAL
com.medscape.android,MEDICAL
com.arcusweather.darksky,WEATHER
mnn.Android,NEWS_AND_MAGAZINES
com.bigduckgames.flow,GAME_PUZZLE
com.imangi.templerun,GAME_ARCADE
com.nowaitapp.consumer,TRAVEL_AND_LOCAL
mobi.gameguru.racingfever,GAME_RACING
br.com.verde.alarme,COMICS
com.emoji.coolkeyboard,PRODUCTIVITY
air.fisherprice.com.animalsounds,EDUCATION
com.speedAnatomy.speedAnatomyLite,MEDICAL
com.spothero.spothero,TRANSPORTATION
com.exovoid.weather.app,WEATHER
com.photoaffections.freeprints,PHOTOGRAPHY
com.life360.android.safetymapd,LIFESTYLE
com.surveysampling.mobile.quickthoughts,LIFESTYLE
com.fiftysixkbit.hockeyhornsfree,SPORTS
com.universalpictures.dm2widget,WEATHER
com.musicmessenger.android,MUSIC_AND_AUDIO
com.crazysoftech.crazyflashlight,PRODUCTIVITY
com.mapmyride.android2,HEALTH_AND_FITNESS
com.youmail.android.vvm,COMMUNICATION
com.zeroteam.zerolauncher,PRODUCTIVITY
com.apusapps.tools.unreadtips,TOOLS
com.kwch.android.weather,WEATHER
com.xiafy.drawpokemon,COMICS
com.crittermap.backcountrynavigator,TRANSPORTATION
com.senecacreeksoftware.simpletip,FINANCE
com.degoo.android.maternitydoctor2,GAME_CASUAL
com.infoscout.receipthog,SHOPPING
com.skype.raider,COMMUNICATION
com.zulily.android,SHOPPING
com.andromo.dev137436.app216272,MUSIC_AND_AUDIO
com.ncaa.finalfourmens,SPORTS
com.slidefoul.emojikeyboard,TOOLS
com.google.android.apps.authenticator2,TOOLS
com.hexadev.newkeypad.lock.screen,PERSONALIZATION
com.zodinplex.thunder.sounds.relax.and.sleep,MEDICAL
com.andronicus.ledclock,TOOLS
com.batanga,MUSIC_AND_AUDIO
com.mogulsoftware.android.BackPageCruiser,BUSINESS
com.pkdevmc.unofficialminecraftproz2014,LIBRARIES_AND_DEMO
com.retale.android,SHOPPING
com.amazon.sellermobile.android,BUSINESS
com.neb.theboothfree,MUSIC_AND_AUDIO
factory.widgets.SenseClock,WEATHER
com.squareup,BUSINESS
com.regolit.android.SCDialer,LIBRARIES_AND_DEMO
com.aidenhemmantst.tv.remote.control,TOOLS
com.ketchapp.jellyjump,GAME_ARCADE
com.healint.migraineapp,MEDICAL
com.contextlogic.mama,SHOPPING
wsj.reader_sp,NEWS_AND_MAGAZINES
com.aws.android.tsunami,WEATHER
com.groggy.comebacks,COMICS
com.qvc,SHOPPING
com.disney.disneymoviesanywhere_goo,ENTERTAINMENT
com.kkkeyboard.emoji.keyboard.theme.RainbowLove,PERSONALIZATION
com.sparkpeople.androidtracker,HEALTH_AND_FITNESS
com.go.abclocal.wls.android.weather,NEWS_AND_MAGAZINES
com.lslk.sleepbot,HEALTH_AND_FITNESS
org.mrchops.android.digihud,TRANSPORTATION
cn.voilet.musicplaypro,MUSIC_AND_AUDIO
com.buildingappza.pebuildingmconez,BOOKS_AND_REFERENCE
com.salebug.truckstop,TRANSPORTATION
com.cribasoft.HoursTrackerFree.Android,BUSINESS
com.aetn.lifetime.watch,ENTERTAINMENT
com.huntington.m,FINANCE
com.froogloid.kring.google.zxing.client.android,SHOPPING
com.itcgroup.workout.app,HEALTH_AND_FITNESS
com.interactive8.readmestories.learntoread,EDUCATION
com.subaru.global.infotainment.gen2,TRANSPORTATION
com.agilesoftresource,PRODUCTIVITY
com.zzkko,SHOPPING
tv.twitch.android.viewer,ENTERTAINMENT
fishnoodle.spacescapewallpaper_free,PERSONALIZATION
pandamonium.noaaweather,WEATHER
com.intellectualflame.ledflashlight.washer,TOOLS
com.netflix.mediaclient,ENTERTAINMENT
com.etoolkit.lovecollage,PHOTOGRAPHY
slo.lesnik,WEATHER
com.techsmith.apps.coachseye.free,SPORTS
com.kxas.android.weather,WEATHER
com.glassdoor.app,BUSINESS
com.fingersoft.nightvisioncamera,PHOTOGRAPHY
mobi.infolife.ezweather.iconset.solar,WEATHER
curso.d.ingles.gratis,EDUCATION
mobi.infolife.ezweather.iconset.realistic,WEATHER
com.antivirus,COMMUNICATION
com.microsoft.amp.apps.bingfinance,FINANCE
com.magisto,PHOTOGRAPHY
com.playsimple.roomtemperature,WEATHER
com.nuance.swype.trial,PRODUCTIVITY
com.google.android.apps.unveil,PRODUCTIVITY
com.audiobooks.androidapp,BOOKS_AND_REFERENCE
com.washingtonpost.android,NEWS_AND_MAGAZINES
death.anime,COMICS
com.vladlee.easyblacklist,COMMUNICATION
com.clusor.ice,MEDICAL
com.holy_bible_audio_mp3.holy_bible_audio_mp3,BOOKS_AND_REFERENCE
amway.hub,BUSINESS
com.aviary.android.feather.plugins.borders.free,LIBRARIES_AND_DEMO
com.radio.fmradio,MUSIC_AND_AUDIO
com.riversoft.android.mysword,BOOKS_AND_REFERENCE
com.bamnetworks.mobile.android.ballpark,SPORTS
com.hp.pregnancy.lite,MEDICAL
com.showtime.showtimeanytime,ENTERTAINMENT
com.joeware.android.gpulumera,PHOTOGRAPHY
com.radiocom,MUSIC_AND_AUDIO
com.mobeam.beepngo,SHOPPING
com.jnj.mocospace.android,SOCIAL
com.antivirus.tablet,PRODUCTIVITY
com.lucktastic.scratch,LIFESTYLE
com.poker.clubs.wallpapers.cute.anime.girl,COMICS
com.celltick.lockscreen.theme.SportsCenter,NEWS_AND_MAGAZINES
com.codehaha.baseball,SPORTS
com.androidwasabi.livewallpaper.g3,PERSONALIZATION
com.pinger.textfree.call,SOCIAL
com.item1.walkingjo,BOOKS_AND_REFERENCE
com.cfinc.cunpic,PHOTOGRAPHY
com.telenav.app.android.scout_us,TRAVEL_AND_LOCAL
air.WatchESPN,SPORTS
com.sygic.speedcamapp,TRANSPORTATION
com.navyfederal.android,FINANCE
com.yelp.android,TRAVEL_AND_LOCAL
com.wte.view,HEALTH_AND_FITNESS
com.marvel.unlimited,COMICS
com.scottgames.fnaf2demo,GAME_STRATEGY
com.imvu.mobilecordova,SOCIAL
com.kauf.talking.a3headeddragon,COMICS
com.rootlandscn,EDUCATION
com.yjklkj.dl.ca,EDUCATION
com.doapps.android.mln.wthr_weather,WEATHER
com.movisoft.klips,PHOTOGRAPHY
com.sabre.tripcase.android,TRAVEL_AND_LOCAL
com.liwenwen20131497.star,LIBRARIES_AND_DEMO
com.google.samples.apps.cardboarddemo,LIBRARIES_AND_DEMO
com.michaels.michaelsstores,LIFESTYLE
gov.honolulu.dabus,TRANSPORTATION
com.arindam.FaceRecognition,LIBRARIES_AND_DEMO
com.diogines.pregnancy,MEDICAL
com.vacationrentals.homeaway,TRAVEL_AND_LOCAL
com.soundhousellc.preschoolfree,EDUCATION
com.fungamestudio.bingoandroid,GAME_CASINO
com.crossforward.audiobooks,BOOKS_AND_REFERENCE
com.pictarine.photoprint,SHOPPING
com.imdb.mobile,ENTERTAINMENT
com.zach.wilson.magic.app,COMICS
com.danms.FetalHeartbeatMonitor,MEDICAL
com.fingersoft.hillclimb,GAME_RACING
com.rlapps.emoji.camera.sticker.maker,PHOTOGRAPHY
com.textmeinc.textme,COMMUNICATION
com.avantar.wny,SHOPPING
com.versaedge.android.dlwaits,TRAVEL_AND_LOCAL
com.izz.music.ringtone.maker,MUSIC_AND_AUDIO
com.appspot.nycbustracker,TRANSPORTATION
com.espn.fc,SPORTS
com.wolfieapps.soundbooster,MUSIC_AND_AUDIO
us.tx.state.hhsc.ytbmobile,HEALTH_AND_FITNESS
com.handmark.sportcaster,SPORTS
com.weirdvoice,SOCIAL
org.appness.detroitbaseball,SPORTS
com.pinger.ppa,COMMUNICATION
com.fidelity.android,FINANCE
com.mapmyfitness.android2,HEALTH_AND_FITNESS
com.mobisystems.fileman,BUSINESS
com.picsart.studio,PHOTOGRAPHY
net.monthorin.rttraffic16,TRANSPORTATION
com.amazon.now,SHOPPING
mp3songs.mp3player.mp3cutter.ringtonemaker,MUSIC_AND_AUDIO
air.cbn.superbook.bible.app.android,#
org.mozilla.firefox,COMMUNICATION
com.ToDoReminder.gen,PRODUCTIVITY
com.intsig.camscanner,PRODUCTIVITY
com.coupons.ciapp,SHOPPING
com.CartoonImage.DIY,COMICS
com.socialnmobile.dictapps.notepad.color.note,PRODUCTIVITY
net.androgames.level,TOOLS
com.atomic.apps.medical.disease.condition.dictionary,MEDICAL
com.Jaaru.BestJokes500,COMICS
com.bagatrix.mathway.android,EDUCATION
us.porrassoft.volumebooster,TOOLS
com.seekingalpha.webwrapper,FINANCE
com.wishabi.flipp,SHOPPING
com.tuneme.tuneme,MUSIC_AND_AUDIO
com.nambudenki.android.fow,BOOKS_AND_REFERENCE
com.c25k,HEALTH_AND_FITNESS
com.greenalp.RealtimeTracker,COMMUNICATION
com.king.candycrushsaga,GAME_CASUAL
com.gizmoquip.smstracker,COMMUNICATION
com.cyo.comicrack.viewer.free,COMICS
com.jiubang.goscreenlock,PERSONALIZATION
arrow.cutpaste.photos,LIFESTYLE
com.zindagigames.test,GAME_PUZZLE
nextapp.fx,BUSINESS
saucon.megabus.mobile,TRANSPORTATION
com.tripadvisor.android.apps.cityguide.catalog,TRAVEL_AND_LOCAL
com.strava,HEALTH_AND_FITNESS
com.ianhanniballake.contractiontimer,MEDICAL
com.loudcrow.marvelavengers,COMICS
eu.chainfire.supersu,TOOLS
com.mbta.mobileapp,TRANSPORTATION
com.tcore.android.LoadBoard,TRANSPORTATION
com.hanna.beautiful,PERSONALIZATION
com.mobincube.android.sc_9Y7S3,MEDICAL
com.microsoft.office.officehub,PRODUCTIVITY
com.smartandroidapps.equalizer,MUSIC_AND_AUDIO
net.gtl.mobile_app,FINANCE
com.move.realtor,LIFESTYLE
photo.android.hd.camera,PHOTOGRAPHY
me.nextplus.smsfreetext.phonecalls,COMMUNICATION
com.papz.app4,BOOKS_AND_REFERENCE
com.miniclip.eightballpool,GAME_SPORTS
com.usefullapps.transparentphone,ENTERTAINMENT
com.groggy.yomamma,COMICS
com.snrblabs.grooveip,COMMUNICATION
com.thisclicks.wiw,BUSINESS
com.cmgdigital.android.kokiweather,WEATHER
com.king.candycrushsodasaga,GAME_CASUAL
com.nhl.gc1112.free,SPORTS
com.dusitstudiokids.sofiachannels,COMICS
com.scopely.slotsvacation,GAME_CASINO
com.power.videocallingfree,COMMUNICATION
com.flightview.flightview_free,TRAVEL_AND_LOCAL
com.pawsinc.garfielddaily,COMICS
org.opencv.engine,LIBRARIES_AND_DEMO
com.enzotask.musictube,MUSIC_AND_AUDIO
com.alibaba.intl.android.apps.poseidon,BUSINESS
it.mm.android.relaxrain,LIFESTYLE
com.figure1.android,MEDICAL
com.ridecharge.android.taximagic,TRANSPORTATION
com.teamviewer.teamviewer.market.mobile,PRODUCTIVITY
com.modoohut.dialer,COMMUNICATION
com.myquest,MEDICAL
com.tuyware.mydisneyinfinitycollection,BOOKS_AND_REFERENCE
com.minus.android,SOCIAL
com.komik.free,COMICS
com.koco.android.weather,WEATHER
com.agentargo.pokeicon,PERSONALIZATION
com.espn.radio,SPORTS
com.UCMobile.intl,COMMUNICATION
com.funforfones.android.lametro,TRANSPORTATION
com.itonline.anastasiadate,SOCIAL
com.aircrunch.shopalerts,SHOPPING
com.medicalgroupsoft.medical.directorymedtermsmultilang.free,MEDICAL
com.ksmobile.launcher,PERSONALIZATION
com.redbox.android.activity,ENTERTAINMENT
com.naresdeloper.superwallpapers,COMICS
com.securesoltuion.app.blocksmscall,PERSONALIZATION
com.appspot.nycsubwaytimes,TRANSPORTATION
com.yahoo.mobile.client.android.weather,WEATHER
com.capitalone.mobile.wallet,FINANCE
com.hola.launcher,PERSONALIZATION
factory.widgets.ThreeDDigitalWeatherClock,WEATHER
livio.pack.lang.en_US,BOOKS_AND_REFERENCE
com.ace.force,COMICS
com.cg.android.birthdaycountdown,LIFESTYLE
com.beatsmusic.android.client,MUSIC_AND_AUDIO
com.app.photoeffects,LIBRARIES_AND_DEMO
com.samsung.samsungcatalog,BUSINESS
com.taggedapp,SOCIAL
com.kmbc.android.weather,WEATHER
com.kbb.mobile,LIFESTYLE
org.medhelp.iamexpecting,HEALTH_AND_FITNESS
com.sololearn.cplusplus,EDUCATION
com.wiziapp.app104340,NEWS_AND_MAGAZINES
com.yinzcam.nba.bulls,SPORTS
com.weheartit,SOCIAL
com.appx.one1.launcher,PERSONALIZATION
inrix.android.fordui,TRANSPORTATION
com.quizlet.quizletandroid,EDUCATION
com.baiwang.instaface,PHOTOGRAPHY
com.romanstudio.mineskins,PHOTOGRAPHY
com.whereismytrainnyc.whereismytrain,TRANSPORTATION
wait.what.volume.booster,MUSIC_AND_AUDIO
com.livingsocial.www,SHOPPING
com.smsrobot.period,MEDICAL
com.devuni.flashlight,TOOLS
com.capigami.outofmilk,SHOPPING
com.inbox.boro.lite,LIFESTYLE
net.aljazeera.english,NEWS_AND_MAGAZINES
com.ea.games.simsfreeplay_na,GAME_SIMULATION
com.fishidy,SPORTS
us.porrassoft.xray,ENTERTAINMENT
com.xfinity.cloudtvr,ENTERTAINMENT
com.logmein.rescuemobile,BUSINESS
com.wxix.android.weather,WEATHER
com.mobilityware.solitaire,GAME_CARD
com.ovuline.fertility,MEDICAL
com.ovelin.guitartuna,TOOLS
com.endomondo.android,HEALTH_AND_FITNESS
org.khanacademy.videos1,EDUCATION
com.movile.playkids,EDUCATION
co.vine.android,SOCIAL
com.tweakersoft.aroundme,LIFESTYLE
com.fundoapps.gpsmappaid,TRAVEL_AND_LOCAL
org.lds.ldssa,BOOKS_AND_REFERENCE
com.devuni.flashlight.screenclassic,LIBRARIES_AND_DEMO
com.sportstracklive.stopwatch,TOOLS
com.aol.mobile.aolapp,NEWS_AND_MAGAZINES
com.wood.android.weather,WEATHER
com.greyhound.mobile.consumer,TRANSPORTATION
com.period.tracker.lite,HEALTH_AND_FITNESS
com.venmo,FINANCE
com.jb.gokeyboard.theme.glass.getjar,PERSONALIZATION
com.fiksu.fma.android,ENTERTAINMENT
com.shopkick.app,SHOPPING
com.forp,MEDICAL
com.cubefun.funny.jokes.yomomma,COMICS
com.vinted,SHOPPING
com.vervewireless.droid.foxwjbk,NEWS_AND_MAGAZINES
cn.wps.moffice_i18n,BUSINESS
com.passportparking.mobile,TRANSPORTATION
org.septa.android.app,TRANSPORTATION
com.yodo1.crossyroad,GAME_ACTION
com.excelatlife.depression,MEDICAL
com.instructure.candroid,EDUCATION
com.match.android.matchmobile,SOCIAL
com.univision.android,NEWS_AND_MAGAZINES
com.lyrebirdstudio.colorizer.lite,PHOTOGRAPHY
com.waff.android.weather,WEATHER
com.androidsx.heliumvoicechanger,ENTERTAINMENT
com.cmcm.locker,PRODUCTIVITY
com.caremark.caremark,HEALTH_AND_FITNESS
com.vialsoft.driversedfree,EDUCATION
com.conducivetech.android.traveler,TRAVEL_AND_LOCAL
com.keramidas.MarketUpdateHelper,LIBRARIES_AND_DEMO
com.tacobell.ordering,LIFESTYLE
com.wawa.android.app,SHOPPING
com.concur.breeze,BUSINESS
wonju.bibleaudioniv,BOOKS_AND_REFERENCE
com.modiface.haircolorstudio.free,PHOTOGRAPHY
com.aldiko.android,BOOKS_AND_REFERENCE
lunosoftware.redsoxnews,SPORTS
com.outfit7.mytalkingangelafree,GAME_CASUAL
com.jb.gokeyboard.theme.neonledgokeyboard.getjar,TOOLS
ru.grocerylist.android,SHOPPING
jp.naver.line.android,COMMUNICATION
com.nithra.nithraresume,BUSINESS
ak.alizandro.smartaudiobookplayer,BOOKS_AND_REFERENCE
com.whatsapp.wallpaper,PERSONALIZATION
com.tot.mobile.wifi.signal.booster,PRODUCTIVITY
com.mobisystems.msdict.embedded.wireless.oxford.dictionaryofenglish,BOOKS_AND_REFERENCE
com.turner.cnanything,ENTERTAINMENT
com.popularapp.periodcalendar,HEALTH_AND_FITNESS
com.yahoo.mobile.client.android.flickr,PHOTOGRAPHY
samsungupdate.com,NEWS_AND_MAGAZINES
com.outfit7.tomslovelettersfree,ENTERTAINMENT
com.fatattitude.buscheckermta,TRANSPORTATION
com.learninga_z.onyourown,EDUCATION
com.bamnetworks.mobile.android.gameday.atbat,SPORTS
talking.toy.funny.pumpkin,COMICS
com.cnn.mobile.android.phone,NEWS_AND_MAGAZINES
com.appsbeyond.countdownplus.lite,LIFESTYLE
com.damiapp.softdatacable,BUSINESS
com.kdfw.android.weather,WEATHER
com.teamlava.fashionstory43,GAME_CASUAL
com.sole.insider.free,SPORTS
com.p1.chompsms,COMMUNICATION
com.nooglesoft.drugindex,MEDICAL
com.overdrive.mobile.android.mediaconsole,BOOKS_AND_REFERENCE
com.waplog.social,SOCIAL
com.boxed.prod,SHOPPING
com.jb.gokeyboard.theme.goldgokeyboardtheme.getjar,TOOLS
com.idmobile.usameteo,WEATHER
com.nike.plusgps,HEALTH_AND_FITNESS
com.truecar.mobile.android.consumer,LIFESTYLE
com.gmail.heagoo.appdm,TOOLS
com.ihandysoft.ledflashlight.mini,TOOLS
com.neulion.smartphone.ufc.android,SPORTS
com.mint,FINANCE
com.pch.playandwin,LIFESTYLE
com.aerilys.acr.android,COMICS
net.comcast.ottclient,COMMUNICATION
com.jb.gokeyboard,PRODUCTIVITY
com.macys.android,SHOPPING
com.wfie.android.weather,WEATHER
com.softwego.applock.keypad,TOOLS
com.simplelauncher.launcheri6,PERSONALIZATION
com.accurate.weather.widget,WEATHER
com.hipmunk.android,TRAVEL_AND_LOCAL
com.zynga.looney,GAME_CASUAL
com.appstar.callrecorder,TOOLS
com.blackboard.android,EDUCATION
com.leftover.CoinDozer,GAME_CASINO
com.ted.android,EDUCATION
com.halfbrick.fruitninjafree,GAME_ARCADE
com.MaMouer.lockscreen,LIBRARIES_AND_DEMO
com.creditkarma.mobile,FINANCE
com.ahijazi.tswam.AOUWNBCGFIGCDKYX,COMICS
com.mozosoft.rangefinder,SPORTS
hu.tonuzaba.android,ENTERTAINMENT
com.appspot.swisscodemonkeys.paintfx,PHOTOGRAPHY
media.music.musicplayer,MUSIC_AND_AUDIO
com.jb.gosms.theme.getjar.fdqueen,PERSONALIZATION
com.delta.mobile.android,TRAVEL_AND_LOCAL
net.SandStormEarl.MC2,GAME_ARCADE
mangatutorial.drawanime,COMICS
com.fivestargames.slots,GAME_CASINO
com.zumper.rentals,LIFESTYLE
com.abclocal.wls.news,NEWS_AND_MAGAZINES
com.prezi.android,PRODUCTIVITY
com.guidebook.android,TRAVEL_AND_LOCAL
com.aa.generaladaptiveapps,GAME_STRATEGY
com.amazon.mShop.android.shopping,SHOPPING
another.music.player,MUSIC_AND_AUDIO
appinventor.ai_progetto2003.SCAN,TOOLS
com.bigfishgames.gummydropgoogle,GAME_CASUAL
com.globalcanofworms.android.simpleweatheralert,WEATHER
com.philips.sleepmapper.root,MEDICAL
com.dianxinos.optimizer.duplay,TOOLS
com.mcentric.mcclient.FCBWorld,SPORTS
com.textra,COMMUNICATION
com.vcast.mediamanager,PRODUCTIVITY
mobi.infolife.ezweather.widget.glass,WEATHER
com.caowen.doodlestyle,COMICS
com.google.android.apps.cloudprint,PRODUCTIVITY
com.barclaycardus,FINANCE
com.autotrader.android,LIFESTYLE
jp.gocro.smartnews.android,NEWS_AND_MAGAZINES
com.robtopx.geometryjumplite,GAME_ARCADE
com.yum.pizzahut,LIFESTYLE
larry.zou.colorfullife,SOCIAL
com.studymode.cram,EDUCATION
com.kauf.sticker.funfacechangerproeffects,COMICS
com.youneedabudget.ynab.app.market,FINANCE
org.zwanoo.android.speedtest,TOOLS
com.szyk.myheart,MEDICAL
com.floern.xkcd,COMICS
com.avg.privacyfix,SOCIAL
com.natenai.glowhockey,GAME_ARCADE
com.iovchev.selfieseditor,PHOTOGRAPHY
com.garmin.android.apps.connectmobile,HEALTH_AND_FITNESS
com.smartemojiandroidkeyboard,SOCIAL
com.mentormate.android.inboxdollars,ENTERTAINMENT
com.voxofon,COMMUNICATION
com.flightradar24free,TRAVEL_AND_LOCAL
com.crunchyroll.crmanga,COMICS
com.imangi.templerun2,GAME_ACTION
com.qihoo.security,TOOLS
com.jb.lab.gokeyboard,PRODUCTIVITY
com.hulu.plus,ENTERTAINMENT
com.inspiredart.niceweather,WEATHER
com.trulia.android.rentals,LIFESTYLE
com.androidity.wallpaper.funny2,COMICS
com.ef.amvideos,COMICS
com.picobrothers.thcf,SPORTS
com.topps.bunt,SPORTS
com.qiigame.flocker.global,PERSONALIZATION
wp.wpbeta,BOOKS_AND_REFERENCE
com.wow.g3.lock.screen,LIFESTYLE
com.timehop,SOCIAL
com.mtb.mbanking.sc.retail.prod,FINANCE
com.symantec.mobilesecurity,TOOLS
com.estrongs.chromecast,LIBRARIES_AND_DEMO
com.nbadigital.gametimelite,SPORTS
com.westernunion.android.mtapp,FINANCE
com.mobileroadie.app_88863,BUSINESS
com.amazingsecretdiary,LIFESTYLE
com.ikeyboard.theme.OS8,PERSONALIZATION
jp.united.app.ccpl,PERSONALIZATION
com.lookout,TOOLS
com.blendr.mobile,SOCIAL
air.com.rosettastone.mobile.CoursePlayer,EDUCATION
com.ikeyboard.theme.FlawlessAmethyst,ENTERTAINMENT
musicplayer.audio.equalizer,MUSIC_AND_AUDIO
com.flightaware.android.liveFlightTracker,TRAVEL_AND_LOCAL
com.miantan.myoface,ENTERTAINMENT
com.gpshopper.moneygram,FINANCE
com.mapmywalk.android2,HEALTH_AND_FITNESS
com.yummly.android,LIFESTYLE
com.siri.budgetdemo,FINANCE
com.kklivewallpaper.tiger,PERSONALIZATION
com.connectivityapps.hotmail,COMMUNICATION
com.dropbox.carousel,PHOTOGRAPHY
com.comcast.cvs.android,TOOLS
com.dayforce.mobile,BUSINESS
com.cmgdigital.android.wsbweather,WEATHER
com.meshref.engpregnancy,HEALTH_AND_FITNESS
com.devuni.classicwidgets,LIBRARIES_AND_DEMO
com.androidcentral.app,NEWS_AND_MAGAZINES
com.appspot.swisscodemonkeys.yomomma,COMICS
com.starmakerinteractive.thevoice,MUSIC_AND_AUDIO
com.krazymobile.emojismartkeyboard,SOCIAL
com.infinitecampus.mobilePortal,EDUCATION
com.xe.currency,TRAVEL_AND_LOCAL
com.seaworld.mobile,TRAVEL_AND_LOCAL
com.zentertain.photoeditor,PHOTOGRAPHY
com.jb.gokeyboard.theme.firekeyboard.getjar,PRODUCTIVITY
com.hudl.hudroid,SPORTS
org.kde.ministro.config,LIBRARIES_AND_DEMO
com.sonos.acr,MUSIC_AND_AUDIO
com.netqin.ps,BUSINESS
alpha.aquarium.hd.livewallpaper,#
com.fiserv.touchbankingasp,FINANCE
com.wow.galaxy.s6.lock.screen,LIFESTYLE
com.skout.android,SOCIAL
com.jangomobile.android,MUSIC_AND_AUDIO
com.appbasic.waterfallphotoframes,PHOTOGRAPHY
com.usefullapps.nightvisioncamera,TOOLS
com.vmn.android.comedycentral,ENTERTAINMENT
com.google.android.apps.chromecast.app,TOOLS
com.livesoccertv,SPORTS
com.eightfit.app,HEALTH_AND_FITNESS
com.twothumbsapp.futbolLigaMexicana,SPORTS
com.datingflirty,SOCIAL
com.igg.android.im,COMMUNICATION
com.kinoli.couponsherpa,SHOPPING
com.apusapps.tools.booster,PRODUCTIVITY
com.tracfone.tracfone.myaccount,COMMUNICATION
com.sweetlime.cbcollector,COMICS
com.box.android,BUSINESS
com.coffeemeetsbagel,SOCIAL
com.wlex.android.weather,WEATHER
com.pandora.android,MUSIC_AND_AUDIO
com.cootek.smartinputv5.skin.keyboard_theme_rainbow_easter,LIFESTYLE
com.groggy.blondjokes,COMICS
com.target.ui,SHOPPING
com.activision.codm2,ENTERTAINMENT
com.moplus.moplusapp,COMMUNICATION
com.liberathor.diapason,MEDICAL
com.queader.ice,GAME_STRATEGY
com.jb.gokeyboard.theme.tech.getjar,PERSONALIZATION
com.Ming.RadioScanner_Air,LIBRARIES_AND_DEMO
com.victoriassecret.vsaa,LIFESTYLE
com.subway.mobile.subwayapp03,LIFESTYLE
com.ikeyboard.theme.Sakura,TOOLS
com.hypester.mtp,PERSONALIZATION
com.magnetic.openmaps,TRANSPORTATION
com.Einpictures.SeaWorldVR,LIBRARIES_AND_DEMO
triangleSoftware.traffic.android,TRAVEL_AND_LOCAL
com.kifi,EDUCATION
com.lifelock.wallet,LIFESTYLE
com.drugscom.app,MEDICAL
com.cargurus.mobileApp,SHOPPING
com.monotonedev.app13,BOOKS_AND_REFERENCE
com.netgate,FINANCE
com.bestringtonesapps.freeringtonesforandroid,MUSIC_AND_AUDIO
com.beatronik.djstudiodemo,MUSIC_AND_AUDIO
com.ColossalStudio.CameraEffects,PHOTOGRAPHY
lam.momsapps.fetalultrasound,MEDICAL
com.brainpop.brainpopfeaturedmovieandroid,EDUCATION
com.boxeelab.healthlete.bpwatch,HEALTH_AND_FITNESS
com.kansascity.trueblue,NEWS_AND_MAGAZINES
com.chase.sig.android,FINANCE
com.bestweatherfor.bibleoffline_pt_ra,BOOKS_AND_REFERENCE
com.apartments.mobile.android,LIFESTYLE
com.ngsn.beta,SPORTS
com.thanarada.app6,BOOKS_AND_REFERENCE
com.thanarada.app7,BOOKS_AND_REFERENCE
com.gismart.realpianofree,MUSIC_AND_AUDIO
com.microsoft.msa.authenticator,PRODUCTIVITY
com.jiwire.android.finder,TRAVEL_AND_LOCAL
com.TWCableTV,ENTERTAINMENT
com.mobisystems.msdict.embedded.wireless.wordnet,BOOKS_AND_REFERENCE
fishnoodle.storm_free,PERSONALIZATION
com.skyward.mobileaccess,EDUCATION
com.jb.gosms.pctheme.NightLife,PERSONALIZATION
com.mxtech.ffmpeg.v6,LIBRARIES_AND_DEMO
com.scribd.app.reader0,BOOKS_AND_REFERENCE
com.lowes.android,SHOPPING
com.cubefun.funny.jokes.stupid,COMICS
com.emojifamily.emoji.keyboard,PRODUCTIVITY
com.rushcard.android,FINANCE
com.griffincommunications.droid.newson6,NEWS_AND_MAGAZINES
com.carezone.caredroid.careapp.medications,MEDICAL
com.etsy.android,SHOPPING
com.statefarm.pocketagent,FINANCE
com.creditsesame,FINANCE
com.microsoft.office.lync15,BUSINESS
com.bti.myPiano,MUSIC_AND_AUDIO
com.suntrust.mobilebanking,FINANCE
com.intsig.BCRLite,BUSINESS
com.nomadrobot.mycarlocatorfree,TRANSPORTATION
mobi.infolife.ezweather.widget.sense3style,WEATHER
com.yinzcam.nba.spurs,SPORTS
com.zentertain.freemusic,ENTERTAINMENT
com.mobileiron,BUSINESS
org.blueletterbible.blb,BOOKS_AND_REFERENCE
com.ego360.sevenminute,HEALTH_AND_FITNESS
net.one97.paytm,SHOPPING
net.andromo.dev137436.app249976,BOOKS_AND_REFERENCE
com.cootek.smartinputv5.skin.theme_yogurt_navyblue,PERSONALIZATION
com.greatclips.android,LIFESTYLE
com.meetup,SOCIAL
com.trulia.android,LIFESTYLE
com.itbenefit.android.calendar,PRODUCTIVITY
com.scoompa.collagemaker.video,#
com.usefullapps.spycamera,TOOLS
cc.pacer.androidapp,HEALTH_AND_FITNESS
jp.naver.linecamera.android,PHOTOGRAPHY
com.pilottravelcenters.mypilot,TRAVEL_AND_LOCAL
com.google.android.apps.translate,TOOLS
org.medhelp.mc,HEALTH_AND_FITNESS
com.yahoo.mobile.client.android.finance,FINANCE
com.loopnet.android,BUSINESS
com.speaktoit.assistant,LIFESTYLE
com.FlowersLiveWallpaperHQ,PERSONALIZATION
com.lafitness.lafitness,HEALTH_AND_FITNESS
media.audioplayer.musicplayer,MUSIC_AND_AUDIO
com.camerasideas.instashot,PHOTOGRAPHY
com.wellpoint.consumer.ABC,MEDICAL
com.hirevue.candidate.generic,BUSINESS
com.htc.dnatransfer.legacy,TOOLS
com.comcast.hsf,COMMUNICATION
com.mobilerise.mystreetview,TRAVEL_AND_LOCAL
com.bluffmycalls.app,COMMUNICATION
me.tidesnear.free,WEATHER
com.usablenet.mobile.walgreen,SHOPPING
com.zynga.wwf2.free,GAME_WORD
jp.ne.hardyinfinity.bluelightfilter.free,HEALTH_AND_FITNESS
com.cma.launcher.lite,PERSONALIZATION
com.mandongkeji.comiclover,COMICS
com.rebelvox.voxer,COMMUNICATION
tunein.player,MUSIC_AND_AUDIO
com.kltv.android.weather,WEATHER
com.smsrobot.photox,BUSINESS
org.me.mobiexpensifyg,FINANCE
com.oysterbooks.oyster.android,BOOKS_AND_REFERENCE
net.shopontop,SHOPPING
com.wisetoto,SPORTS
com.zinio.mobile.android.libraries,NEWS_AND_MAGAZINES
com.unravel,SOCIAL
kr.core.technology.wifi.hotspot,COMMUNICATION
com.wicall,COMMUNICATION
com.SkullsLiveWallpaperHD,PERSONALIZATION
com.wdtinc.android.FOX2Weather,WEATHER
com.accuweather.android,WEATHER
com.carfax.mycarfax,TRANSPORTATION
com.showbox.showbox,LIFESTYLE
org.qtproject.VisualizeYouFree,HEALTH_AND_FITNESS
com.fp.cheapoair,TRAVEL_AND_LOCAL
com.jacksontempra.apps.whatsup,HEALTH_AND_FITNESS
com.hcom.android,TRAVEL_AND_LOCAL
com.phonevalley.progressive,FINANCE
com.topfreegames.bikeracefreeworld,GAME_ACTION
com.jb.gokeyboard.theme.gothiclolita.getjar,PERSONALIZATION
com.ksla.android.weather,WEATHER
com.summtech.nivbible,BOOKS_AND_REFERENCE
com.kittithatteam.fasterinternetspeedbooster,LIBRARIES_AND_DEMO
com.myspace.spacerock,MUSIC_AND_AUDIO
com.jawbone.up,HEALTH_AND_FITNESS
com.weathercreative.weatherkitty,WEATHER
com.tfs.consumer,TRANSPORTATION
com.indeed.android.jobsearch,BUSINESS
com.dayspringtech.envelopes,FINANCE
